seed,condition,promote,winner_index,selected_family,selected_family_rho,reported_trials,actual_trials,winner_validation_ic,winner_holdout_ic,nominal_p,selected_family_max_ic
0,winner_only,True,26,0,0.15,1,256,0.013892207117432205,-0.00424600089315811,0.012070540591299063,0.013892207117432205
0,selected_family_only,False,26,0,0.15,32,256,0.013892207117432205,-0.00424600089315811,0.012070540591299063,0.013892207117432205
0,hierarchical_manifest,False,26,0,0.15,256,256,0.013892207117432205,-0.00424600089315811,0.012070540591299063,0.013892207117432205
0,complete_global_manifest,False,26,0,0.15,256,256,0.013892207117432205,-0.00424600089315811,0.012070540591299063,0.013892207117432205
1,winner_only,True,154,4,0.5499999999999999,1,256,0.015043198445545435,0.005413554215909775,0.006921212771749574,0.015043198445545435
1,selected_family_only,False,154,4,0.5499999999999999,32,256,0.015043198445545435,0.005413554215909775,0.006921212771749574,0.015043198445545435
1,hierarchical_manifest,False,154,4,0.5499999999999999,256,256,0.015043198445545435,0.005413554215909775,0.006921212771749574,0.015043198445545435
1,complete_global_manifest,False,154,4,0.5499999999999999,256,256,0.015043198445545435,0.005413554215909775,0.006921212771749574,0.015043198445545435
2,winner_only,True,13,0,0.15,1,256,0.016790545632935375,0.004883727975986161,0.0013823490728080748,0.016790545632935375
2,selected_family_only,True,13,0,0.15,32,256,0.016790545632935375,0.004883727975986161,0.0013823490728080748,0.016790545632935375
2,hierarchical_manifest,False,13,0,0.15,256,256,0.016790545632935375,0.004883727975986161,0.0013823490728080748,0.016790545632935375
2,complete_global_manifest,False,13,0,0.15,256,256,0.016790545632935375,0.004883727975986161,0.0013823490728080748,0.016790545632935375
3,winner_only,True,41,1,0.25,1,256,0.02124764663814212,-0.00025741828654980286,0.00022885337017974246,0.02124764663814212
3,selected_family_only,True,41,1,0.25,32,256,0.02124764663814212,-0.00025741828654980286,0.00022885337017974246,0.02124764663814212
3,hierarchical_manifest,False,41,1,0.25,256,256,0.02124764663814212,-0.00025741828654980286,0.00022885337017974246,0.02124764663814212
3,complete_global_manifest,False,41,1,0.25,256,256,0.02124764663814212,-0.00025741828654980286,0.00022885337017974246,0.02124764663814212
4,winner_only,True,102,3,0.44999999999999996,1,256,0.014364593248357677,0.002223099619182255,0.007493260397697722,0.014364593248357677
4,selected_family_only,False,102,3,0.44999999999999996,32,256,0.014364593248357677,0.002223099619182255,0.007493260397697722,0.014364593248357677
4,hierarchical_manifest,False,102,3,0.44999999999999996,256,256,0.014364593248357677,0.002223099619182255,0.007493260397697722,0.014364593248357677
4,complete_global_manifest,False,102,3,0.44999999999999996,256,256,0.014364593248357677,0.002223099619182255,0.007493260397697722,0.014364593248357677
5,winner_only,True,90,2,0.35,1,256,0.01855130808559539,-0.003479220436665763,0.0004489465663816282,0.01855130808559539
5,selected_family_only,True,90,2,0.35,32,256,0.01855130808559539,-0.003479220436665763,0.0004489465663816282,0.01855130808559539
5,hierarchical_manifest,False,90,2,0.35,256,256,0.01855130808559539,-0.003479220436665763,0.0004489465663816282,0.01855130808559539
5,complete_global_manifest,False,90,2,0.35,256,256,0.01855130808559539,-0.003479220436665763,0.0004489465663816282,0.01855130808559539
6,winner_only,True,117,3,0.44999999999999996,1,256,0.014353717500034311,0.0022396120860021357,0.0071057935935488455,0.014353717500034311
6,selected_family_only,False,117,3,0.44999999999999996,32,256,0.014353717500034311,0.0022396120860021357,0.0071057935935488455,0.014353717500034311
6,hierarchical_manifest,False,117,3,0.44999999999999996,256,256,0.014353717500034311,0.0022396120860021357,0.0071057935935488455,0.014353717500034311
6,complete_global_manifest,False,117,3,0.44999999999999996,256,256,0.014353717500034311,0.0022396120860021357,0.0071057935935488455,0.014353717500034311
7,winner_only,True,119,3,0.44999999999999996,1,256,0.010545994794813768,0.003984305689190734,0.038038852366953396,0.010545994794813768
7,selected_family_only,False,119,3,0.44999999999999996,32,256,0.010545994794813768,0.003984305689190734,0.038038852366953396,0.010545994794813768
7,hierarchical_manifest,False,119,3,0.44999999999999996,256,256,0.010545994794813768,0.003984305689190734,0.038038852366953396,0.010545994794813768
7,complete_global_manifest,False,119,3,0.44999999999999996,256,256,0.010545994794813768,0.003984305689190734,0.038038852366953396,0.010545994794813768
8,winner_only,True,152,4,0.5499999999999999,1,256,0.016764726488828086,0.004721711520005798,0.0036506750546856986,0.016764726488828086
8,selected_family_only,False,152,4,0.5499999999999999,32,256,0.016764726488828086,0.004721711520005798,0.0036506750546856986,0.016764726488828086
8,hierarchical_manifest,False,152,4,0.5499999999999999,256,256,0.016764726488828086,0.004721711520005798,0.0036506750546856986,0.016764726488828086
8,complete_global_manifest,False,152,4,0.5499999999999999,256,256,0.016764726488828086,0.004721711520005798,0.0036506750546856986,0.016764726488828086
9,winner_only,True,29,0,0.15,1,256,0.02012895873339446,-0.006510741153608136,0.0001747899877801227,0.02012895873339446
9,selected_family_only,True,29,0,0.15,32,256,0.02012895873339446,-0.006510741153608136,0.0001747899877801227,0.02012895873339446
9,hierarchical_manifest,True,29,0,0.15,256,256,0.02012895873339446,-0.006510741153608136,0.0001747899877801227,0.02012895873339446
9,complete_global_manifest,True,29,0,0.15,256,256,0.02012895873339446,-0.006510741153608136,0.0001747899877801227,0.02012895873339446
10,winner_only,True,150,4,0.5499999999999999,1,256,0.013947474965448209,0.003085308371388118,0.012936742967257732,0.013947474965448209
10,selected_family_only,False,150,4,0.5499999999999999,32,256,0.013947474965448209,0.003085308371388118,0.012936742967257732,0.013947474965448209
10,hierarchical_manifest,False,150,4,0.5499999999999999,256,256,0.013947474965448209,0.003085308371388118,0.012936742967257732,0.013947474965448209
10,complete_global_manifest,False,150,4,0.5499999999999999,256,256,0.013947474965448209,0.003085308371388118,0.012936742967257732,0.013947474965448209
11,winner_only,True,35,1,0.25,1,256,0.01369954180831614,0.010335147173167587,0.01676955520630789,0.01369954180831614
11,selected_family_only,False,35,1,0.25,32,256,0.01369954180831614,0.010335147173167587,0.01676955520630789,0.01369954180831614
11,hierarchical_manifest,False,35,1,0.25,256,256,0.01369954180831614,0.010335147173167587,0.01676955520630789,0.01369954180831614
11,complete_global_manifest,False,35,1,0.25,256,256,0.01369954180831614,0.010335147173167587,0.01676955520630789,0.01369954180831614
12,winner_only,True,140,4,0.5499999999999999,1,256,0.016915340288245116,0.005334416952708591,0.0016461266992820215,0.016915340288245116
12,selected_family_only,False,140,4,0.5499999999999999,32,256,0.016915340288245116,0.005334416952708591,0.0016461266992820215,0.016915340288245116
12,hierarchical_manifest,False,140,4,0.5499999999999999,256,256,0.016915340288245116,0.005334416952708591,0.0016461266992820215,0.016915340288245116
12,complete_global_manifest,False,140,4,0.5499999999999999,256,256,0.016915340288245116,0.005334416952708591,0.0016461266992820215,0.016915340288245116
13,winner_only,True,73,2,0.35,1,256,0.016807009725733454,0.012893801459181576,0.0020168296543416763,0.016807009725733454
13,selected_family_only,False,73,2,0.35,32,256,0.016807009725733454,0.012893801459181576,0.0020168296543416763,0.016807009725733454
13,hierarchical_manifest,False,73,2,0.35,256,256,0.016807009725733454,0.012893801459181576,0.0020168296543416763,0.016807009725733454
13,complete_global_manifest,False,73,2,0.35,256,256,0.016807009725733454,0.012893801459181576,0.0020168296543416763,0.016807009725733454
14,winner_only,True,9,0,0.15,1,256,0.017633986746922743,0.014579057282327473,0.0009673929312000401,0.017633986746922743
14,selected_family_only,True,9,0,0.15,32,256,0.017633986746922743,0.014579057282327473,0.0009673929312000401,0.017633986746922743
14,hierarchical_manifest,False,9,0,0.15,256,256,0.017633986746922743,0.014579057282327473,0.0009673929312000401,0.017633986746922743
14,complete_global_manifest,False,9,0,0.15,256,256,0.017633986746922743,0.014579057282327473,0.0009673929312000401,0.017633986746922743
15,winner_only,True,118,3,0.44999999999999996,1,256,0.014343573688530568,-0.0053329723086412385,0.010120992609070407,0.014343573688530568
15,selected_family_only,False,118,3,0.44999999999999996,32,256,0.014343573688530568,-0.0053329723086412385,0.010120992609070407,0.014343573688530568
15,hierarchical_manifest,False,118,3,0.44999999999999996,256,256,0.014343573688530568,-0.0053329723086412385,0.010120992609070407,0.014343573688530568
15,complete_global_manifest,False,118,3,0.44999999999999996,256,256,0.014343573688530568,-0.0053329723086412385,0.010120992609070407,0.014343573688530568
16,winner_only,True,100,3,0.44999999999999996,1,256,0.01477535288465762,-0.005907686366092556,0.008952759069753126,0.01477535288465762
16,selected_family_only,False,100,3,0.44999999999999996,32,256,0.01477535288465762,-0.005907686366092556,0.008952759069753126,0.01477535288465762
16,hierarchical_manifest,False,100,3,0.44999999999999996,256,256,0.01477535288465762,-0.005907686366092556,0.008952759069753126,0.01477535288465762
16,complete_global_manifest,False,100,3,0.44999999999999996,256,256,0.01477535288465762,-0.005907686366092556,0.008952759069753126,0.01477535288465762
17,winner_only,True,107,3,0.44999999999999996,1,256,0.010866369823207527,0.008755499524759033,0.029264608324137298,0.010866369823207527
17,selected_family_only,False,107,3,0.44999999999999996,32,256,0.010866369823207527,0.008755499524759033,0.029264608324137298,0.010866369823207527
17,hierarchical_manifest,False,107,3,0.44999999999999996,256,256,0.010866369823207527,0.008755499524759033,0.029264608324137298,0.010866369823207527
17,complete_global_manifest,False,107,3,0.44999999999999996,256,256,0.010866369823207527,0.008755499524759033,0.029264608324137298,0.010866369823207527
18,winner_only,True,164,5,0.6499999999999999,1,256,0.015694111184746506,0.0002594079332072657,0.004677752356072657,0.015694111184746506
18,selected_family_only,False,164,5,0.6499999999999999,32,256,0.015694111184746506,0.0002594079332072657,0.004677752356072657,0.015694111184746506
18,hierarchical_manifest,False,164,5,0.6499999999999999,256,256,0.015694111184746506,0.0002594079332072657,0.004677752356072657,0.015694111184746506
18,complete_global_manifest,False,164,5,0.6499999999999999,256,256,0.015694111184746506,0.0002594079332072657,0.004677752356072657,0.015694111184746506
19,winner_only,True,64,2,0.35,1,256,0.012158114014235265,-0.0041430604499761775,0.017834706230133612,0.012158114014235265
19,selected_family_only,False,64,2,0.35,32,256,0.012158114014235265,-0.0041430604499761775,0.017834706230133612,0.012158114014235265
19,hierarchical_manifest,False,64,2,0.35,256,256,0.012158114014235265,-0.0041430604499761775,0.017834706230133612,0.012158114014235265
19,complete_global_manifest,False,64,2,0.35,256,256,0.012158114014235265,-0.0041430604499761775,0.017834706230133612,0.012158114014235265
20,winner_only,True,130,4,0.5499999999999999,1,256,0.017051209458464504,0.015901512365140584,0.0019807835311962934,0.017051209458464504
20,selected_family_only,False,130,4,0.5499999999999999,32,256,0.017051209458464504,0.015901512365140584,0.0019807835311962934,0.017051209458464504
20,hierarchical_manifest,False,130,4,0.5499999999999999,256,256,0.017051209458464504,0.015901512365140584,0.0019807835311962934,0.017051209458464504
20,complete_global_manifest,False,130,4,0.5499999999999999,256,256,0.017051209458464504,0.015901512365140584,0.0019807835311962934,0.017051209458464504
21,winner_only,True,140,4,0.5499999999999999,1,256,0.016362071075962426,-0.006445280405331603,0.002974265197567925,0.016362071075962426
21,selected_family_only,False,140,4,0.5499999999999999,32,256,0.016362071075962426,-0.006445280405331603,0.002974265197567925,0.016362071075962426
21,hierarchical_manifest,False,140,4,0.5499999999999999,256,256,0.016362071075962426,-0.006445280405331603,0.002974265197567925,0.016362071075962426
21,complete_global_manifest,False,140,4,0.5499999999999999,256,256,0.016362071075962426,-0.006445280405331603,0.002974265197567925,0.016362071075962426
22,winner_only,True,233,7,0.85,1,256,0.012926230598656632,-0.011829667699902721,0.017736804781111573,0.012926230598656632
22,selected_family_only,False,233,7,0.85,32,256,0.012926230598656632,-0.011829667699902721,0.017736804781111573,0.012926230598656632
22,hierarchical_manifest,False,233,7,0.85,256,256,0.012926230598656632,-0.011829667699902721,0.017736804781111573,0.012926230598656632
22,complete_global_manifest,False,233,7,0.85,256,256,0.012926230598656632,-0.011829667699902721,0.017736804781111573,0.012926230598656632
23,winner_only,True,27,0,0.15,1,256,0.014019649278509643,-0.005392319495973749,0.005412007846448183,0.014019649278509643
23,selected_family_only,False,27,0,0.15,32,256,0.014019649278509643,-0.005392319495973749,0.005412007846448183,0.014019649278509643
23,hierarchical_manifest,False,27,0,0.15,256,256,0.014019649278509643,-0.005392319495973749,0.005412007846448183,0.014019649278509643
23,complete_global_manifest,False,27,0,0.15,256,256,0.014019649278509643,-0.005392319495973749,0.005412007846448183,0.014019649278509643
24,winner_only,True,111,3,0.44999999999999996,1,256,0.02367022671834867,-0.012989155785401406,1.8647474944973733e-05,0.02367022671834867
24,selected_family_only,True,111,3,0.44999999999999996,32,256,0.02367022671834867,-0.012989155785401406,1.8647474944973733e-05,0.02367022671834867
24,hierarchical_manifest,True,111,3,0.44999999999999996,256,256,0.02367022671834867,-0.012989155785401406,1.8647474944973733e-05,0.02367022671834867
24,complete_global_manifest,True,111,3,0.44999999999999996,256,256,0.02367022671834867,-0.012989155785401406,1.8647474944973733e-05,0.02367022671834867
25,winner_only,True,38,1,0.25,1,256,0.016609460147175247,0.0035189514565419585,0.002703808483639596,0.016609460147175247
25,selected_family_only,False,38,1,0.25,32,256,0.016609460147175247,0.0035189514565419585,0.002703808483639596,0.016609460147175247
25,hierarchical_manifest,False,38,1,0.25,256,256,0.016609460147175247,0.0035189514565419585,0.002703808483639596,0.016609460147175247
25,complete_global_manifest,False,38,1,0.25,256,256,0.016609460147175247,0.0035189514565419585,0.002703808483639596,0.016609460147175247
26,winner_only,False,95,2,0.35,1,256,0.009555881773718905,0.00836958417126824,0.05159141673169961,0.009555881773718905
26,selected_family_only,False,95,2,0.35,32,256,0.009555881773718905,0.00836958417126824,0.05159141673169961,0.009555881773718905
26,hierarchical_manifest,False,95,2,0.35,256,256,0.009555881773718905,0.00836958417126824,0.05159141673169961,0.009555881773718905
26,complete_global_manifest,False,95,2,0.35,256,256,0.009555881773718905,0.00836958417126824,0.05159141673169961,0.009555881773718905
27,winner_only,True,50,1,0.25,1,256,0.019090152829111372,0.0030207378730249894,0.0004770170874951758,0.019090152829111372
27,selected_family_only,True,50,1,0.25,32,256,0.019090152829111372,0.0030207378730249894,0.0004770170874951758,0.019090152829111372
27,hierarchical_manifest,False,50,1,0.25,256,256,0.019090152829111372,0.0030207378730249894,0.0004770170874951758,0.019090152829111372
27,complete_global_manifest,False,50,1,0.25,256,256,0.019090152829111372,0.0030207378730249894,0.0004770170874951758,0.019090152829111372
28,winner_only,True,28,0,0.15,1,256,0.016625086820951443,0.0007854243124018644,0.0033608107336916553,0.016625086820951443
28,selected_family_only,False,28,0,0.15,32,256,0.016625086820951443,0.0007854243124018644,0.0033608107336916553,0.016625086820951443
28,hierarchical_manifest,False,28,0,0.15,256,256,0.016625086820951443,0.0007854243124018644,0.0033608107336916553,0.016625086820951443
28,complete_global_manifest,False,28,0,0.15,256,256,0.016625086820951443,0.0007854243124018644,0.0033608107336916553,0.016625086820951443
29,winner_only,True,32,1,0.25,1,256,0.014320486510162657,0.0040417450089476345,0.007197277282200821,0.014320486510162657
29,selected_family_only,False,32,1,0.25,32,256,0.014320486510162657,0.0040417450089476345,0.007197277282200821,0.014320486510162657
29,hierarchical_manifest,False,32,1,0.25,256,256,0.014320486510162657,0.0040417450089476345,0.007197277282200821,0.014320486510162657
29,complete_global_manifest,False,32,1,0.25,256,256,0.014320486510162657,0.0040417450089476345,0.007197277282200821,0.014320486510162657
30,winner_only,True,87,2,0.35,1,256,0.01444908360918268,-0.005098022568420774,0.0054958850100042264,0.01444908360918268
30,selected_family_only,False,87,2,0.35,32,256,0.01444908360918268,-0.005098022568420774,0.0054958850100042264,0.01444908360918268
30,hierarchical_manifest,False,87,2,0.35,256,256,0.01444908360918268,-0.005098022568420774,0.0054958850100042264,0.01444908360918268
30,complete_global_manifest,False,87,2,0.35,256,256,0.01444908360918268,-0.005098022568420774,0.0054958850100042264,0.01444908360918268
31,winner_only,True,163,5,0.6499999999999999,1,256,0.011653399842082626,-0.0012108447594464799,0.03158451387311818,0.011653399842082626
31,selected_family_only,False,163,5,0.6499999999999999,32,256,0.011653399842082626,-0.0012108447594464799,0.03158451387311818,0.011653399842082626
31,hierarchical_manifest,False,163,5,0.6499999999999999,256,256,0.011653399842082626,-0.0012108447594464799,0.03158451387311818,0.011653399842082626
31,complete_global_manifest,False,163,5,0.6499999999999999,256,256,0.011653399842082626,-0.0012108447594464799,0.03158451387311818,0.011653399842082626
32,winner_only,True,103,3,0.44999999999999996,1,256,0.0133738606737993,0.00641529118913649,0.012809532117622988,0.0133738606737993
32,selected_family_only,False,103,3,0.44999999999999996,32,256,0.0133738606737993,0.00641529118913649,0.012809532117622988,0.0133738606737993
32,hierarchical_manifest,False,103,3,0.44999999999999996,256,256,0.0133738606737993,0.00641529118913649,0.012809532117622988,0.0133738606737993
32,complete_global_manifest,False,103,3,0.44999999999999996,256,256,0.0133738606737993,0.00641529118913649,0.012809532117622988,0.0133738606737993
33,winner_only,True,2,0,0.15,1,256,0.01937322947133055,-0.00023034403439959185,0.0009284676131585192,0.01937322947133055
33,selected_family_only,True,2,0,0.15,32,256,0.01937322947133055,-0.00023034403439959185,0.0009284676131585192,0.01937322947133055
33,hierarchical_manifest,False,2,0,0.15,256,256,0.01937322947133055,-0.00023034403439959185,0.0009284676131585192,0.01937322947133055
33,complete_global_manifest,False,2,0,0.15,256,256,0.01937322947133055,-0.00023034403439959185,0.0009284676131585192,0.01937322947133055
34,winner_only,True,188,5,0.6499999999999999,1,256,0.021583987701485424,0.003969324488374949,0.0001757397976986366,0.021583987701485424
34,selected_family_only,True,188,5,0.6499999999999999,32,256,0.021583987701485424,0.003969324488374949,0.0001757397976986366,0.021583987701485424
34,hierarchical_manifest,True,188,5,0.6499999999999999,256,256,0.021583987701485424,0.003969324488374949,0.0001757397976986366,0.021583987701485424
34,complete_global_manifest,True,188,5,0.6499999999999999,256,256,0.021583987701485424,0.003969324488374949,0.0001757397976986366,0.021583987701485424
35,winner_only,True,162,5,0.6499999999999999,1,256,0.013457283420721444,0.019161699345802287,0.012807200044419629,0.013457283420721444
35,selected_family_only,False,162,5,0.6499999999999999,32,256,0.013457283420721444,0.019161699345802287,0.012807200044419629,0.013457283420721444
35,hierarchical_manifest,False,162,5,0.6499999999999999,256,256,0.013457283420721444,0.019161699345802287,0.012807200044419629,0.013457283420721444
35,complete_global_manifest,False,162,5,0.6499999999999999,256,256,0.013457283420721444,0.019161699345802287,0.012807200044419629,0.013457283420721444
36,winner_only,True,66,2,0.35,1,256,0.020709939404221795,0.010451597579063387,0.00039505391881776593,0.020709939404221795
36,selected_family_only,True,66,2,0.35,32,256,0.020709939404221795,0.010451597579063387,0.00039505391881776593,0.020709939404221795
36,hierarchical_manifest,False,66,2,0.35,256,256,0.020709939404221795,0.010451597579063387,0.00039505391881776593,0.020709939404221795
36,complete_global_manifest,False,66,2,0.35,256,256,0.020709939404221795,0.010451597579063387,0.00039505391881776593,0.020709939404221795
37,winner_only,True,37,1,0.25,1,256,0.017599191208586103,-0.0049309404866960845,0.002612235302259646,0.017599191208586103
37,selected_family_only,False,37,1,0.25,32,256,0.017599191208586103,-0.0049309404866960845,0.002612235302259646,0.017599191208586103
37,hierarchical_manifest,False,37,1,0.25,256,256,0.017599191208586103,-0.0049309404866960845,0.002612235302259646,0.017599191208586103
37,complete_global_manifest,False,37,1,0.25,256,256,0.017599191208586103,-0.0049309404866960845,0.002612235302259646,0.017599191208586103
38,winner_only,True,9,0,0.15,1,256,0.016896729119576764,0.010766973617294647,0.001803332565187693,0.016896729119576764
38,selected_family_only,False,9,0,0.15,32,256,0.016896729119576764,0.010766973617294647,0.001803332565187693,0.016896729119576764
38,hierarchical_manifest,False,9,0,0.15,256,256,0.016896729119576764,0.010766973617294647,0.001803332565187693,0.016896729119576764
38,complete_global_manifest,False,9,0,0.15,256,256,0.016896729119576764,0.010766973617294647,0.001803332565187693,0.016896729119576764
39,winner_only,True,211,6,0.75,1,256,0.018606074904815233,0.00790716807485734,0.0018072528491278697,0.018606074904815233
39,selected_family_only,False,211,6,0.75,32,256,0.018606074904815233,0.00790716807485734,0.0018072528491278697,0.018606074904815233
39,hierarchical_manifest,False,211,6,0.75,256,256,0.018606074904815233,0.00790716807485734,0.0018072528491278697,0.018606074904815233
39,complete_global_manifest,False,211,6,0.75,256,256,0.018606074904815233,0.00790716807485734,0.0018072528491278697,0.018606074904815233
40,winner_only,True,130,4,0.5499999999999999,1,256,0.012767262148729079,-0.008072544195194657,0.01506956795270323,0.012767262148729079
40,selected_family_only,False,130,4,0.5499999999999999,32,256,0.012767262148729079,-0.008072544195194657,0.01506956795270323,0.012767262148729079
40,hierarchical_manifest,False,130,4,0.5499999999999999,256,256,0.012767262148729079,-0.008072544195194657,0.01506956795270323,0.012767262148729079
40,complete_global_manifest,False,130,4,0.5499999999999999,256,256,0.012767262148729079,-0.008072544195194657,0.01506956795270323,0.012767262148729079
41,winner_only,True,202,6,0.75,1,256,0.02134116438980891,-0.009023525466148841,0.0002553211304533666,0.02134116438980891
41,selected_family_only,True,202,6,0.75,32,256,0.02134116438980891,-0.009023525466148841,0.0002553211304533666,0.02134116438980891
41,hierarchical_manifest,False,202,6,0.75,256,256,0.02134116438980891,-0.009023525466148841,0.0002553211304533666,0.02134116438980891
41,complete_global_manifest,False,202,6,0.75,256,256,0.02134116438980891,-0.009023525466148841,0.0002553211304533666,0.02134116438980891
42,winner_only,True,43,1,0.25,1,256,0.01587928630978476,0.008677554181920866,0.007191540883261483,0.01587928630978476
42,selected_family_only,False,43,1,0.25,32,256,0.01587928630978476,0.008677554181920866,0.007191540883261483,0.01587928630978476
42,hierarchical_manifest,False,43,1,0.25,256,256,0.01587928630978476,0.008677554181920866,0.007191540883261483,0.01587928630978476
42,complete_global_manifest,False,43,1,0.25,256,256,0.01587928630978476,0.008677554181920866,0.007191540883261483,0.01587928630978476
43,winner_only,True,119,3,0.44999999999999996,1,256,0.012704542041615733,0.01248166731209484,0.01245192853207228,0.012704542041615733
43,selected_family_only,False,119,3,0.44999999999999996,32,256,0.012704542041615733,0.01248166731209484,0.01245192853207228,0.012704542041615733
43,hierarchical_manifest,False,119,3,0.44999999999999996,256,256,0.012704542041615733,0.01248166731209484,0.01245192853207228,0.012704542041615733
43,complete_global_manifest,False,119,3,0.44999999999999996,256,256,0.012704542041615733,0.01248166731209484,0.01245192853207228,0.012704542041615733
44,winner_only,True,138,4,0.5499999999999999,1,256,0.0114042251445061,0.00030081560175614194,0.023201618178349006,0.0114042251445061
44,selected_family_only,False,138,4,0.5499999999999999,32,256,0.0114042251445061,0.00030081560175614194,0.023201618178349006,0.0114042251445061
44,hierarchical_manifest,False,138,4,0.5499999999999999,256,256,0.0114042251445061,0.00030081560175614194,0.023201618178349006,0.0114042251445061
44,complete_global_manifest,False,138,4,0.5499999999999999,256,256,0.0114042251445061,0.00030081560175614194,0.023201618178349006,0.0114042251445061
45,winner_only,True,115,3,0.44999999999999996,1,256,0.018397211420386986,0.005062167128428715,0.001069637909365417,0.018397211420386986
45,selected_family_only,True,115,3,0.44999999999999996,32,256,0.018397211420386986,0.005062167128428715,0.001069637909365417,0.018397211420386986
45,hierarchical_manifest,False,115,3,0.44999999999999996,256,256,0.018397211420386986,0.005062167128428715,0.001069637909365417,0.018397211420386986
45,complete_global_manifest,False,115,3,0.44999999999999996,256,256,0.018397211420386986,0.005062167128428715,0.001069637909365417,0.018397211420386986
46,winner_only,True,14,0,0.15,1,256,0.014775135881371648,-0.002297517161880223,0.007939570478281895,0.014775135881371648
46,selected_family_only,False,14,0,0.15,32,256,0.014775135881371648,-0.002297517161880223,0.007939570478281895,0.014775135881371648
46,hierarchical_manifest,False,14,0,0.15,256,256,0.014775135881371648,-0.002297517161880223,0.007939570478281895,0.014775135881371648
46,complete_global_manifest,False,14,0,0.15,256,256,0.014775135881371648,-0.002297517161880223,0.007939570478281895,0.014775135881371648
47,winner_only,True,28,0,0.15,1,256,0.012824661219671844,0.003161283612758465,0.017121268310282604,0.012824661219671844
47,selected_family_only,False,28,0,0.15,32,256,0.012824661219671844,0.003161283612758465,0.017121268310282604,0.012824661219671844
47,hierarchical_manifest,False,28,0,0.15,256,256,0.012824661219671844,0.003161283612758465,0.017121268310282604,0.012824661219671844
47,complete_global_manifest,False,28,0,0.15,256,256,0.012824661219671844,0.003161283612758465,0.017121268310282604,0.012824661219671844
48,winner_only,True,218,6,0.75,1,256,0.015099045309704772,-0.0034702344533563594,0.005442549489478171,0.015099045309704772
48,selected_family_only,False,218,6,0.75,32,256,0.015099045309704772,-0.0034702344533563594,0.005442549489478171,0.015099045309704772
48,hierarchical_manifest,False,218,6,0.75,256,256,0.015099045309704772,-0.0034702344533563594,0.005442549489478171,0.015099045309704772
48,complete_global_manifest,False,218,6,0.75,256,256,0.015099045309704772,-0.0034702344533563594,0.005442549489478171,0.015099045309704772
49,winner_only,True,61,1,0.25,1,256,0.014312018267579007,0.0010416729775942532,0.012684317426651801,0.014312018267579007
49,selected_family_only,False,61,1,0.25,32,256,0.014312018267579007,0.0010416729775942532,0.012684317426651801,0.014312018267579007
49,hierarchical_manifest,False,61,1,0.25,256,256,0.014312018267579007,0.0010416729775942532,0.012684317426651801,0.014312018267579007
49,complete_global_manifest,False,61,1,0.25,256,256,0.014312018267579007,0.0010416729775942532,0.012684317426651801,0.014312018267579007
50,winner_only,True,13,0,0.15,1,256,0.021055067684440626,-0.011058092260548316,0.00019786337212266043,0.021055067684440626
50,selected_family_only,True,13,0,0.15,32,256,0.021055067684440626,-0.011058092260548316,0.00019786337212266043,0.021055067684440626
50,hierarchical_manifest,False,13,0,0.15,256,256,0.021055067684440626,-0.011058092260548316,0.00019786337212266043,0.021055067684440626
50,complete_global_manifest,False,13,0,0.15,256,256,0.021055067684440626,-0.011058092260548316,0.00019786337212266043,0.021055067684440626
51,winner_only,True,8,0,0.15,1,256,0.014836818596475943,-0.001430208572902559,0.004824199925291886,0.014836818596475943
51,selected_family_only,False,8,0,0.15,32,256,0.014836818596475943,-0.001430208572902559,0.004824199925291886,0.014836818596475943
51,hierarchical_manifest,False,8,0,0.15,256,256,0.014836818596475943,-0.001430208572902559,0.004824199925291886,0.014836818596475943
51,complete_global_manifest,False,8,0,0.15,256,256,0.014836818596475943,-0.001430208572902559,0.004824199925291886,0.014836818596475943
52,winner_only,True,8,0,0.15,1,256,0.01135420551979298,0.006250714921331949,0.027335003091843103,0.01135420551979298
52,selected_family_only,False,8,0,0.15,32,256,0.01135420551979298,0.006250714921331949,0.027335003091843103,0.01135420551979298
52,hierarchical_manifest,False,8,0,0.15,256,256,0.01135420551979298,0.006250714921331949,0.027335003091843103,0.01135420551979298
52,complete_global_manifest,False,8,0,0.15,256,256,0.01135420551979298,0.006250714921331949,0.027335003091843103,0.01135420551979298
53,winner_only,True,4,0,0.15,1,256,0.017760255173641566,0.009411020897469327,0.0014063233068330472,0.017760255173641566
53,selected_family_only,True,4,0,0.15,32,256,0.017760255173641566,0.009411020897469327,0.0014063233068330472,0.017760255173641566
53,hierarchical_manifest,False,4,0,0.15,256,256,0.017760255173641566,0.009411020897469327,0.0014063233068330472,0.017760255173641566
53,complete_global_manifest,False,4,0,0.15,256,256,0.017760255173641566,0.009411020897469327,0.0014063233068330472,0.017760255173641566
54,winner_only,True,25,0,0.15,1,256,0.016131968268422635,-0.011410420820051777,0.0049898355998642145,0.016131968268422635
54,selected_family_only,False,25,0,0.15,32,256,0.016131968268422635,-0.011410420820051777,0.0049898355998642145,0.016131968268422635
54,hierarchical_manifest,False,25,0,0.15,256,256,0.016131968268422635,-0.011410420820051777,0.0049898355998642145,0.016131968268422635
54,complete_global_manifest,False,25,0,0.15,256,256,0.016131968268422635,-0.011410420820051777,0.0049898355998642145,0.016131968268422635
55,winner_only,True,229,7,0.85,1,256,0.01332509406534165,-0.002029451138960602,0.009472162306210905,0.01332509406534165
55,selected_family_only,False,229,7,0.85,32,256,0.01332509406534165,-0.002029451138960602,0.009472162306210905,0.01332509406534165
55,hierarchical_manifest,False,229,7,0.85,256,256,0.01332509406534165,-0.002029451138960602,0.009472162306210905,0.01332509406534165
55,complete_global_manifest,False,229,7,0.85,256,256,0.01332509406534165,-0.002029451138960602,0.009472162306210905,0.01332509406534165
56,winner_only,True,102,3,0.44999999999999996,1,256,0.015295496326943022,-0.0021902983378827533,0.005737485346169737,0.015295496326943022
56,selected_family_only,False,102,3,0.44999999999999996,32,256,0.015295496326943022,-0.0021902983378827533,0.005737485346169737,0.015295496326943022
56,hierarchical_manifest,False,102,3,0.44999999999999996,256,256,0.015295496326943022,-0.0021902983378827533,0.005737485346169737,0.015295496326943022
56,complete_global_manifest,False,102,3,0.44999999999999996,256,256,0.015295496326943022,-0.0021902983378827533,0.005737485346169737,0.015295496326943022
57,winner_only,True,46,1,0.25,1,256,0.012753659260357245,-0.005857305708533476,0.014079858142650526,0.012753659260357245
57,selected_family_only,False,46,1,0.25,32,256,0.012753659260357245,-0.005857305708533476,0.014079858142650526,0.012753659260357245
57,hierarchical_manifest,False,46,1,0.25,256,256,0.012753659260357245,-0.005857305708533476,0.014079858142650526,0.012753659260357245
57,complete_global_manifest,False,46,1,0.25,256,256,0.012753659260357245,-0.005857305708533476,0.014079858142650526,0.012753659260357245
58,winner_only,True,4,0,0.15,1,256,0.017009491848139168,0.004169371397089492,0.0023799265486171813,0.017009491848139168
58,selected_family_only,False,4,0,0.15,32,256,0.017009491848139168,0.004169371397089492,0.0023799265486171813,0.017009491848139168
58,hierarchical_manifest,False,4,0,0.15,256,256,0.017009491848139168,0.004169371397089492,0.0023799265486171813,0.017009491848139168
58,complete_global_manifest,False,4,0,0.15,256,256,0.017009491848139168,0.004169371397089492,0.0023799265486171813,0.017009491848139168
59,winner_only,True,44,1,0.25,1,256,0.019924256681825406,0.0013038107721752153,0.0007198763831594546,0.019924256681825406
59,selected_family_only,True,44,1,0.25,32,256,0.019924256681825406,0.0013038107721752153,0.0007198763831594546,0.019924256681825406
59,hierarchical_manifest,False,44,1,0.25,256,256,0.019924256681825406,0.0013038107721752153,0.0007198763831594546,0.019924256681825406
59,complete_global_manifest,False,44,1,0.25,256,256,0.019924256681825406,0.0013038107721752153,0.0007198763831594546,0.019924256681825406
60,winner_only,True,88,2,0.35,1,256,0.014125646332261066,-0.0010898965104936037,0.007927281306010829,0.014125646332261066
60,selected_family_only,False,88,2,0.35,32,256,0.014125646332261066,-0.0010898965104936037,0.007927281306010829,0.014125646332261066
60,hierarchical_manifest,False,88,2,0.35,256,256,0.014125646332261066,-0.0010898965104936037,0.007927281306010829,0.014125646332261066
60,complete_global_manifest,False,88,2,0.35,256,256,0.014125646332261066,-0.0010898965104936037,0.007927281306010829,0.014125646332261066
61,winner_only,True,94,2,0.35,1,256,0.01165093337851666,-0.0026230816701738728,0.030601600990419118,0.01165093337851666
61,selected_family_only,False,94,2,0.35,32,256,0.01165093337851666,-0.0026230816701738728,0.030601600990419118,0.01165093337851666
61,hierarchical_manifest,False,94,2,0.35,256,256,0.01165093337851666,-0.0026230816701738728,0.030601600990419118,0.01165093337851666
61,complete_global_manifest,False,94,2,0.35,256,256,0.01165093337851666,-0.0026230816701738728,0.030601600990419118,0.01165093337851666
62,winner_only,True,174,5,0.6499999999999999,1,256,0.020290511844738384,-0.01045926809321252,0.00019160691827312272,0.020290511844738384
62,selected_family_only,True,174,5,0.6499999999999999,32,256,0.020290511844738384,-0.01045926809321252,0.00019160691827312272,0.020290511844738384
62,hierarchical_manifest,True,174,5,0.6499999999999999,256,256,0.020290511844738384,-0.01045926809321252,0.00019160691827312272,0.020290511844738384
62,complete_global_manifest,True,174,5,0.6499999999999999,256,256,0.020290511844738384,-0.01045926809321252,0.00019160691827312272,0.020290511844738384
63,winner_only,False,247,7,0.85,1,256,0.010624161156149186,-0.00946748451402496,0.05896289473826401,0.010624161156149186
63,selected_family_only,False,247,7,0.85,32,256,0.010624161156149186,-0.00946748451402496,0.05896289473826401,0.010624161156149186
63,hierarchical_manifest,False,247,7,0.85,256,256,0.010624161156149186,-0.00946748451402496,0.05896289473826401,0.010624161156149186
63,complete_global_manifest,False,247,7,0.85,256,256,0.010624161156149186,-0.00946748451402496,0.05896289473826401,0.010624161156149186
64,winner_only,True,79,2,0.35,1,256,0.020027984226653035,-0.0026777196883664488,0.00041609132830863147,0.020027984226653035
64,selected_family_only,True,79,2,0.35,32,256,0.020027984226653035,-0.0026777196883664488,0.00041609132830863147,0.020027984226653035
64,hierarchical_manifest,False,79,2,0.35,256,256,0.020027984226653035,-0.0026777196883664488,0.00041609132830863147,0.020027984226653035
64,complete_global_manifest,False,79,2,0.35,256,256,0.020027984226653035,-0.0026777196883664488,0.00041609132830863147,0.020027984226653035
65,winner_only,True,45,1,0.25,1,256,0.014875052565737686,0.001968293659571547,0.005972021012669762,0.014875052565737686
65,selected_family_only,False,45,1,0.25,32,256,0.014875052565737686,0.001968293659571547,0.005972021012669762,0.014875052565737686
65,hierarchical_manifest,False,45,1,0.25,256,256,0.014875052565737686,0.001968293659571547,0.005972021012669762,0.014875052565737686
65,complete_global_manifest,False,45,1,0.25,256,256,0.014875052565737686,0.001968293659571547,0.005972021012669762,0.014875052565737686
66,winner_only,True,231,7,0.85,1,256,0.019274754315868954,1.937167444625633e-05,0.0006844758578512203,0.019274754315868954
66,selected_family_only,True,231,7,0.85,32,256,0.019274754315868954,1.937167444625633e-05,0.0006844758578512203,0.019274754315868954
66,hierarchical_manifest,False,231,7,0.85,256,256,0.019274754315868954,1.937167444625633e-05,0.0006844758578512203,0.019274754315868954
66,complete_global_manifest,False,231,7,0.85,256,256,0.019274754315868954,1.937167444625633e-05,0.0006844758578512203,0.019274754315868954
67,winner_only,True,80,2,0.35,1,256,0.01457083994284999,0.01730676242600256,0.010088266056333502,0.01457083994284999
67,selected_family_only,False,80,2,0.35,32,256,0.01457083994284999,0.01730676242600256,0.010088266056333502,0.01457083994284999
67,hierarchical_manifest,False,80,2,0.35,256,256,0.01457083994284999,0.01730676242600256,0.010088266056333502,0.01457083994284999
67,complete_global_manifest,False,80,2,0.35,256,256,0.01457083994284999,0.01730676242600256,0.010088266056333502,0.01457083994284999
68,winner_only,True,48,1,0.25,1,256,0.015601860360529605,0.0025165262388321162,0.0060630786008836115,0.015601860360529605
68,selected_family_only,False,48,1,0.25,32,256,0.015601860360529605,0.0025165262388321162,0.0060630786008836115,0.015601860360529605
68,hierarchical_manifest,False,48,1,0.25,256,256,0.015601860360529605,0.0025165262388321162,0.0060630786008836115,0.015601860360529605
68,complete_global_manifest,False,48,1,0.25,256,256,0.015601860360529605,0.0025165262388321162,0.0060630786008836115,0.015601860360529605
69,winner_only,True,193,6,0.75,1,256,0.01304077492367651,-0.011911385065929217,0.012004349571512666,0.01304077492367651
69,selected_family_only,False,193,6,0.75,32,256,0.01304077492367651,-0.011911385065929217,0.012004349571512666,0.01304077492367651
69,hierarchical_manifest,False,193,6,0.75,256,256,0.01304077492367651,-0.011911385065929217,0.012004349571512666,0.01304077492367651
69,complete_global_manifest,False,193,6,0.75,256,256,0.01304077492367651,-0.011911385065929217,0.012004349571512666,0.01304077492367651
70,winner_only,True,76,2,0.35,1,256,0.014413421802889551,-0.00889665744296156,0.010255729055688195,0.014413421802889551
70,selected_family_only,False,76,2,0.35,32,256,0.014413421802889551,-0.00889665744296156,0.010255729055688195,0.014413421802889551
70,hierarchical_manifest,False,76,2,0.35,256,256,0.014413421802889551,-0.00889665744296156,0.010255729055688195,0.014413421802889551
70,complete_global_manifest,False,76,2,0.35,256,256,0.014413421802889551,-0.00889665744296156,0.010255729055688195,0.014413421802889551
71,winner_only,True,63,1,0.25,1,256,0.01557916945107379,0.01588373421108622,0.0023381948519100777,0.01557916945107379
71,selected_family_only,False,63,1,0.25,32,256,0.01557916945107379,0.01588373421108622,0.0023381948519100777,0.01557916945107379
71,hierarchical_manifest,False,63,1,0.25,256,256,0.01557916945107379,0.01588373421108622,0.0023381948519100777,0.01557916945107379
71,complete_global_manifest,False,63,1,0.25,256,256,0.01557916945107379,0.01588373421108622,0.0023381948519100777,0.01557916945107379
72,winner_only,True,135,4,0.5499999999999999,1,256,0.01707927070487998,0.01966872547620126,0.0012921592437472795,0.01707927070487998
72,selected_family_only,True,135,4,0.5499999999999999,32,256,0.01707927070487998,0.01966872547620126,0.0012921592437472795,0.01707927070487998
72,hierarchical_manifest,False,135,4,0.5499999999999999,256,256,0.01707927070487998,0.01966872547620126,0.0012921592437472795,0.01707927070487998
72,complete_global_manifest,False,135,4,0.5499999999999999,256,256,0.01707927070487998,0.01966872547620126,0.0012921592437472795,0.01707927070487998
73,winner_only,True,85,2,0.35,1,256,0.015691255110553574,-0.009026547967317448,0.002997193339109873,0.015691255110553574
73,selected_family_only,False,85,2,0.35,32,256,0.015691255110553574,-0.009026547967317448,0.002997193339109873,0.015691255110553574
73,hierarchical_manifest,False,85,2,0.35,256,256,0.015691255110553574,-0.009026547967317448,0.002997193339109873,0.015691255110553574
73,complete_global_manifest,False,85,2,0.35,256,256,0.015691255110553574,-0.009026547967317448,0.002997193339109873,0.015691255110553574
74,winner_only,True,72,2,0.35,1,256,0.011424240718245826,0.010586332655815007,0.03400343791728619,0.011424240718245826
74,selected_family_only,False,72,2,0.35,32,256,0.011424240718245826,0.010586332655815007,0.03400343791728619,0.011424240718245826
74,hierarchical_manifest,False,72,2,0.35,256,256,0.011424240718245826,0.010586332655815007,0.03400343791728619,0.011424240718245826
74,complete_global_manifest,False,72,2,0.35,256,256,0.011424240718245826,0.010586332655815007,0.03400343791728619,0.011424240718245826
75,winner_only,True,54,1,0.25,1,256,0.013499507543390786,-0.0014543508205759682,0.015160435780746459,0.013499507543390786
75,selected_family_only,False,54,1,0.25,32,256,0.013499507543390786,-0.0014543508205759682,0.015160435780746459,0.013499507543390786
75,hierarchical_manifest,False,54,1,0.25,256,256,0.013499507543390786,-0.0014543508205759682,0.015160435780746459,0.013499507543390786
75,complete_global_manifest,False,54,1,0.25,256,256,0.013499507543390786,-0.0014543508205759682,0.015160435780746459,0.013499507543390786
76,winner_only,True,13,0,0.15,1,256,0.016926634162931758,-0.004670500018020642,0.002986254865935019,0.016926634162931758
76,selected_family_only,False,13,0,0.15,32,256,0.016926634162931758,-0.004670500018020642,0.002986254865935019,0.016926634162931758
76,hierarchical_manifest,False,13,0,0.15,256,256,0.016926634162931758,-0.004670500018020642,0.002986254865935019,0.016926634162931758
76,complete_global_manifest,False,13,0,0.15,256,256,0.016926634162931758,-0.004670500018020642,0.002986254865935019,0.016926634162931758
77,winner_only,True,14,0,0.15,1,256,0.018299205798022758,0.01297520442180524,0.0005775879597350754,0.018299205798022758
77,selected_family_only,True,14,0,0.15,32,256,0.018299205798022758,0.01297520442180524,0.0005775879597350754,0.018299205798022758
77,hierarchical_manifest,False,14,0,0.15,256,256,0.018299205798022758,0.01297520442180524,0.0005775879597350754,0.018299205798022758
77,complete_global_manifest,False,14,0,0.15,256,256,0.018299205798022758,0.01297520442180524,0.0005775879597350754,0.018299205798022758
78,winner_only,True,229,7,0.85,1,256,0.013597878191883348,0.004558326633290121,0.01008700939032396,0.013597878191883348
78,selected_family_only,False,229,7,0.85,32,256,0.013597878191883348,0.004558326633290121,0.01008700939032396,0.013597878191883348
78,hierarchical_manifest,False,229,7,0.85,256,256,0.013597878191883348,0.004558326633290121,0.01008700939032396,0.013597878191883348
78,complete_global_manifest,False,229,7,0.85,256,256,0.013597878191883348,0.004558326633290121,0.01008700939032396,0.013597878191883348
79,winner_only,True,24,0,0.15,1,256,0.022227342492225566,0.003845229342356565,2.070973231786833e-05,0.022227342492225566
79,selected_family_only,True,24,0,0.15,32,256,0.022227342492225566,0.003845229342356565,2.070973231786833e-05,0.022227342492225566
79,hierarchical_manifest,True,24,0,0.15,256,256,0.022227342492225566,0.003845229342356565,2.070973231786833e-05,0.022227342492225566
79,complete_global_manifest,True,24,0,0.15,256,256,0.022227342492225566,0.003845229342356565,2.070973231786833e-05,0.022227342492225566
80,winner_only,True,70,2,0.35,1,256,0.015549432631064968,0.012531828797318461,0.0032625704687740354,0.015549432631064968
80,selected_family_only,False,70,2,0.35,32,256,0.015549432631064968,0.012531828797318461,0.0032625704687740354,0.015549432631064968
80,hierarchical_manifest,False,70,2,0.35,256,256,0.015549432631064968,0.012531828797318461,0.0032625704687740354,0.015549432631064968
80,complete_global_manifest,False,70,2,0.35,256,256,0.015549432631064968,0.012531828797318461,0.0032625704687740354,0.015549432631064968
81,winner_only,True,185,5,0.6499999999999999,1,256,0.015811139101171774,0.0023753007255770194,0.005477188057895251,0.015811139101171774
81,selected_family_only,False,185,5,0.6499999999999999,32,256,0.015811139101171774,0.0023753007255770194,0.005477188057895251,0.015811139101171774
81,hierarchical_manifest,False,185,5,0.6499999999999999,256,256,0.015811139101171774,0.0023753007255770194,0.005477188057895251,0.015811139101171774
81,complete_global_manifest,False,185,5,0.6499999999999999,256,256,0.015811139101171774,0.0023753007255770194,0.005477188057895251,0.015811139101171774
82,winner_only,True,255,7,0.85,1,256,0.017051285898983123,0.009917553658262704,0.0017031793926864888,0.017051285898983123
82,selected_family_only,False,255,7,0.85,32,256,0.017051285898983123,0.009917553658262704,0.0017031793926864888,0.017051285898983123
82,hierarchical_manifest,False,255,7,0.85,256,256,0.017051285898983123,0.009917553658262704,0.0017031793926864888,0.017051285898983123
82,complete_global_manifest,False,255,7,0.85,256,256,0.017051285898983123,0.009917553658262704,0.0017031793926864888,0.017051285898983123
83,winner_only,True,100,3,0.44999999999999996,1,256,0.01606176882179162,0.005427732771745672,0.004707447583170734,0.01606176882179162
83,selected_family_only,False,100,3,0.44999999999999996,32,256,0.01606176882179162,0.005427732771745672,0.004707447583170734,0.01606176882179162
83,hierarchical_manifest,False,100,3,0.44999999999999996,256,256,0.01606176882179162,0.005427732771745672,0.004707447583170734,0.01606176882179162
83,complete_global_manifest,False,100,3,0.44999999999999996,256,256,0.01606176882179162,0.005427732771745672,0.004707447583170734,0.01606176882179162
84,winner_only,True,35,1,0.25,1,256,0.017680333239212226,-0.0006133862027971128,0.0017162387379348516,0.017680333239212226
84,selected_family_only,False,35,1,0.25,32,256,0.017680333239212226,-0.0006133862027971128,0.0017162387379348516,0.017680333239212226
84,hierarchical_manifest,False,35,1,0.25,256,256,0.017680333239212226,-0.0006133862027971128,0.0017162387379348516,0.017680333239212226
84,complete_global_manifest,False,35,1,0.25,256,256,0.017680333239212226,-0.0006133862027971128,0.0017162387379348516,0.017680333239212226
85,winner_only,False,25,0,0.15,1,256,0.010066562093049585,-0.007819981591995631,0.05422807742020718,0.010066562093049585
85,selected_family_only,False,25,0,0.15,32,256,0.010066562093049585,-0.007819981591995631,0.05422807742020718,0.010066562093049585
85,hierarchical_manifest,False,25,0,0.15,256,256,0.010066562093049585,-0.007819981591995631,0.05422807742020718,0.010066562093049585
85,complete_global_manifest,False,25,0,0.15,256,256,0.010066562093049585,-0.007819981591995631,0.05422807742020718,0.010066562093049585
86,winner_only,True,105,3,0.44999999999999996,1,256,0.015635305700506207,0.00022071888959004788,0.004453680312090444,0.015635305700506207
86,selected_family_only,False,105,3,0.44999999999999996,32,256,0.015635305700506207,0.00022071888959004788,0.004453680312090444,0.015635305700506207
86,hierarchical_manifest,False,105,3,0.44999999999999996,256,256,0.015635305700506207,0.00022071888959004788,0.004453680312090444,0.015635305700506207
86,complete_global_manifest,False,105,3,0.44999999999999996,256,256,0.015635305700506207,0.00022071888959004788,0.004453680312090444,0.015635305700506207
87,winner_only,True,36,1,0.25,1,256,0.011733301871385805,-0.006576744681252421,0.024804147242624225,0.011733301871385805
87,selected_family_only,False,36,1,0.25,32,256,0.011733301871385805,-0.006576744681252421,0.024804147242624225,0.011733301871385805
87,hierarchical_manifest,False,36,1,0.25,256,256,0.011733301871385805,-0.006576744681252421,0.024804147242624225,0.011733301871385805
87,complete_global_manifest,False,36,1,0.25,256,256,0.011733301871385805,-0.006576744681252421,0.024804147242624225,0.011733301871385805
88,winner_only,True,29,0,0.15,1,256,0.016784832055039254,0.0037574070490928356,0.0018552737568029594,0.016784832055039254
88,selected_family_only,False,29,0,0.15,32,256,0.016784832055039254,0.0037574070490928356,0.0018552737568029594,0.016784832055039254
88,hierarchical_manifest,False,29,0,0.15,256,256,0.016784832055039254,0.0037574070490928356,0.0018552737568029594,0.016784832055039254
88,complete_global_manifest,False,29,0,0.15,256,256,0.016784832055039254,0.0037574070490928356,0.0018552737568029594,0.016784832055039254
89,winner_only,True,125,3,0.44999999999999996,1,256,0.018932007333723737,0.003586917646801483,0.000854320324403214,0.018932007333723737
89,selected_family_only,True,125,3,0.44999999999999996,32,256,0.018932007333723737,0.003586917646801483,0.000854320324403214,0.018932007333723737
89,hierarchical_manifest,False,125,3,0.44999999999999996,256,256,0.018932007333723737,0.003586917646801483,0.000854320324403214,0.018932007333723737
89,complete_global_manifest,False,125,3,0.44999999999999996,256,256,0.018932007333723737,0.003586917646801483,0.000854320324403214,0.018932007333723737
90,winner_only,True,29,0,0.15,1,256,0.018315812327592478,0.012187974479284847,0.0007210904947873058,0.018315812327592478
90,selected_family_only,True,29,0,0.15,32,256,0.018315812327592478,0.012187974479284847,0.0007210904947873058,0.018315812327592478
90,hierarchical_manifest,False,29,0,0.15,256,256,0.018315812327592478,0.012187974479284847,0.0007210904947873058,0.018315812327592478
90,complete_global_manifest,False,29,0,0.15,256,256,0.018315812327592478,0.012187974479284847,0.0007210904947873058,0.018315812327592478
91,winner_only,True,109,3,0.44999999999999996,1,256,0.01749668380300842,0.011748524541666054,0.0037325276716759148,0.01749668380300842
91,selected_family_only,False,109,3,0.44999999999999996,32,256,0.01749668380300842,0.011748524541666054,0.0037325276716759148,0.01749668380300842
91,hierarchical_manifest,False,109,3,0.44999999999999996,256,256,0.01749668380300842,0.011748524541666054,0.0037325276716759148,0.01749668380300842
91,complete_global_manifest,False,109,3,0.44999999999999996,256,256,0.01749668380300842,0.011748524541666054,0.0037325276716759148,0.01749668380300842
92,winner_only,True,96,3,0.44999999999999996,1,256,0.012684629006111368,0.0032802522308906148,0.012870772445465372,0.012684629006111368
92,selected_family_only,False,96,3,0.44999999999999996,32,256,0.012684629006111368,0.0032802522308906148,0.012870772445465372,0.012684629006111368
92,hierarchical_manifest,False,96,3,0.44999999999999996,256,256,0.012684629006111368,0.0032802522308906148,0.012870772445465372,0.012684629006111368
92,complete_global_manifest,False,96,3,0.44999999999999996,256,256,0.012684629006111368,0.0032802522308906148,0.012870772445465372,0.012684629006111368
93,winner_only,True,7,0,0.15,1,256,0.012429261210890693,0.008388634806877364,0.026396227172654014,0.012429261210890693
93,selected_family_only,False,7,0,0.15,32,256,0.012429261210890693,0.008388634806877364,0.026396227172654014,0.012429261210890693
93,hierarchical_manifest,False,7,0,0.15,256,256,0.012429261210890693,0.008388634806877364,0.026396227172654014,0.012429261210890693
93,complete_global_manifest,False,7,0,0.15,256,256,0.012429261210890693,0.008388634806877364,0.026396227172654014,0.012429261210890693
94,winner_only,True,185,5,0.6499999999999999,1,256,0.021124161271676687,0.009395714018127438,0.0001204344784555415,0.021124161271676687
94,selected_family_only,True,185,5,0.6499999999999999,32,256,0.021124161271676687,0.009395714018127438,0.0001204344784555415,0.021124161271676687
94,hierarchical_manifest,True,185,5,0.6499999999999999,256,256,0.021124161271676687,0.009395714018127438,0.0001204344784555415,0.021124161271676687
94,complete_global_manifest,True,185,5,0.6499999999999999,256,256,0.021124161271676687,0.009395714018127438,0.0001204344784555415,0.021124161271676687
95,winner_only,True,56,1,0.25,1,256,0.01788536277857995,0.006621090882168616,0.0017128110064857966,0.01788536277857995
95,selected_family_only,False,56,1,0.25,32,256,0.01788536277857995,0.006621090882168616,0.0017128110064857966,0.01788536277857995
95,hierarchical_manifest,False,56,1,0.25,256,256,0.01788536277857995,0.006621090882168616,0.0017128110064857966,0.01788536277857995
95,complete_global_manifest,False,56,1,0.25,256,256,0.01788536277857995,0.006621090882168616,0.0017128110064857966,0.01788536277857995
96,winner_only,True,8,0,0.15,1,256,0.02220373013013984,0.01626323077410515,0.0001590001213223468,0.02220373013013984
96,selected_family_only,True,8,0,0.15,32,256,0.02220373013013984,0.01626323077410515,0.0001590001213223468,0.02220373013013984
96,hierarchical_manifest,True,8,0,0.15,256,256,0.02220373013013984,0.01626323077410515,0.0001590001213223468,0.02220373013013984
96,complete_global_manifest,True,8,0,0.15,256,256,0.02220373013013984,0.01626323077410515,0.0001590001213223468,0.02220373013013984
97,winner_only,True,65,2,0.35,1,256,0.017422178852391328,-0.0008673363485938268,0.0013267148325094677,0.017422178852391328
97,selected_family_only,True,65,2,0.35,32,256,0.017422178852391328,-0.0008673363485938268,0.0013267148325094677,0.017422178852391328
97,hierarchical_manifest,False,65,2,0.35,256,256,0.017422178852391328,-0.0008673363485938268,0.0013267148325094677,0.017422178852391328
97,complete_global_manifest,False,65,2,0.35,256,256,0.017422178852391328,-0.0008673363485938268,0.0013267148325094677,0.017422178852391328
98,winner_only,True,32,1,0.25,1,256,0.01414573412310025,0.005160313428179583,0.00858275482429505,0.01414573412310025
98,selected_family_only,False,32,1,0.25,32,256,0.01414573412310025,0.005160313428179583,0.00858275482429505,0.01414573412310025
98,hierarchical_manifest,False,32,1,0.25,256,256,0.01414573412310025,0.005160313428179583,0.00858275482429505,0.01414573412310025
98,complete_global_manifest,False,32,1,0.25,256,256,0.01414573412310025,0.005160313428179583,0.00858275482429505,0.01414573412310025
99,winner_only,True,19,0,0.15,1,256,0.018738039145501657,-0.00249856048441455,0.0012841804908690028,0.018738039145501657
99,selected_family_only,True,19,0,0.15,32,256,0.018738039145501657,-0.00249856048441455,0.0012841804908690028,0.018738039145501657
99,hierarchical_manifest,False,19,0,0.15,256,256,0.018738039145501657,-0.00249856048441455,0.0012841804908690028,0.018738039145501657
99,complete_global_manifest,False,19,0,0.15,256,256,0.018738039145501657,-0.00249856048441455,0.0012841804908690028,0.018738039145501657
100,winner_only,True,6,0,0.15,1,256,0.015804432048797713,-0.0035224489107180757,0.006186966725002945,0.015804432048797713
100,selected_family_only,False,6,0,0.15,32,256,0.015804432048797713,-0.0035224489107180757,0.006186966725002945,0.015804432048797713
100,hierarchical_manifest,False,6,0,0.15,256,256,0.015804432048797713,-0.0035224489107180757,0.006186966725002945,0.015804432048797713
100,complete_global_manifest,False,6,0,0.15,256,256,0.015804432048797713,-0.0035224489107180757,0.006186966725002945,0.015804432048797713
101,winner_only,True,47,1,0.25,1,256,0.012074819958892148,-0.0023090882879112625,0.020178368705060106,0.012074819958892148
101,selected_family_only,False,47,1,0.25,32,256,0.012074819958892148,-0.0023090882879112625,0.020178368705060106,0.012074819958892148
101,hierarchical_manifest,False,47,1,0.25,256,256,0.012074819958892148,-0.0023090882879112625,0.020178368705060106,0.012074819958892148
101,complete_global_manifest,False,47,1,0.25,256,256,0.012074819958892148,-0.0023090882879112625,0.020178368705060106,0.012074819958892148
102,winner_only,True,108,3,0.44999999999999996,1,256,0.013314501166391945,-0.010775630902444414,0.011604345527023965,0.013314501166391945
102,selected_family_only,False,108,3,0.44999999999999996,32,256,0.013314501166391945,-0.010775630902444414,0.011604345527023965,0.013314501166391945
102,hierarchical_manifest,False,108,3,0.44999999999999996,256,256,0.013314501166391945,-0.010775630902444414,0.011604345527023965,0.013314501166391945
102,complete_global_manifest,False,108,3,0.44999999999999996,256,256,0.013314501166391945,-0.010775630902444414,0.011604345527023965,0.013314501166391945
103,winner_only,True,59,1,0.25,1,256,0.01677626459852435,-0.003181719732674043,0.0032279389085213953,0.01677626459852435
103,selected_family_only,False,59,1,0.25,32,256,0.01677626459852435,-0.003181719732674043,0.0032279389085213953,0.01677626459852435
103,hierarchical_manifest,False,59,1,0.25,256,256,0.01677626459852435,-0.003181719732674043,0.0032279389085213953,0.01677626459852435
103,complete_global_manifest,False,59,1,0.25,256,256,0.01677626459852435,-0.003181719732674043,0.0032279389085213953,0.01677626459852435
104,winner_only,True,16,0,0.15,1,256,0.01618481855428276,0.0005122126224312837,0.002417163251752926,0.01618481855428276
104,selected_family_only,False,16,0,0.15,32,256,0.01618481855428276,0.0005122126224312837,0.002417163251752926,0.01618481855428276
104,hierarchical_manifest,False,16,0,0.15,256,256,0.01618481855428276,0.0005122126224312837,0.002417163251752926,0.01618481855428276
104,complete_global_manifest,False,16,0,0.15,256,256,0.01618481855428276,0.0005122126224312837,0.002417163251752926,0.01618481855428276
105,winner_only,True,36,1,0.25,1,256,0.016705046236373026,0.0052429333498994705,0.005935398163925743,0.016705046236373026
105,selected_family_only,False,36,1,0.25,32,256,0.016705046236373026,0.0052429333498994705,0.005935398163925743,0.016705046236373026
105,hierarchical_manifest,False,36,1,0.25,256,256,0.016705046236373026,0.0052429333498994705,0.005935398163925743,0.016705046236373026
105,complete_global_manifest,False,36,1,0.25,256,256,0.016705046236373026,0.0052429333498994705,0.005935398163925743,0.016705046236373026
106,winner_only,True,20,0,0.15,1,256,0.011417590566684717,-0.012512204411679056,0.03921594079561255,0.011417590566684717
106,selected_family_only,False,20,0,0.15,32,256,0.011417590566684717,-0.012512204411679056,0.03921594079561255,0.011417590566684717
106,hierarchical_manifest,False,20,0,0.15,256,256,0.011417590566684717,-0.012512204411679056,0.03921594079561255,0.011417590566684717
106,complete_global_manifest,False,20,0,0.15,256,256,0.011417590566684717,-0.012512204411679056,0.03921594079561255,0.011417590566684717
107,winner_only,True,22,0,0.15,1,256,0.015136177673757837,0.006297630217214637,0.005507795331697248,0.015136177673757837
107,selected_family_only,False,22,0,0.15,32,256,0.015136177673757837,0.006297630217214637,0.005507795331697248,0.015136177673757837
107,hierarchical_manifest,False,22,0,0.15,256,256,0.015136177673757837,0.006297630217214637,0.005507795331697248,0.015136177673757837
107,complete_global_manifest,False,22,0,0.15,256,256,0.015136177673757837,0.006297630217214637,0.005507795331697248,0.015136177673757837
108,winner_only,True,145,4,0.5499999999999999,1,256,0.021552452906188967,0.0004619900422611375,0.00018503804375823401,0.021552452906188967
108,selected_family_only,True,145,4,0.5499999999999999,32,256,0.021552452906188967,0.0004619900422611375,0.00018503804375823401,0.021552452906188967
108,hierarchical_manifest,True,145,4,0.5499999999999999,256,256,0.021552452906188967,0.0004619900422611375,0.00018503804375823401,0.021552452906188967
108,complete_global_manifest,True,145,4,0.5499999999999999,256,256,0.021552452906188967,0.0004619900422611375,0.00018503804375823401,0.021552452906188967
109,winner_only,True,116,3,0.44999999999999996,1,256,0.013028231460385058,-0.00802368128563443,0.016880862780084962,0.013028231460385058
109,selected_family_only,False,116,3,0.44999999999999996,32,256,0.013028231460385058,-0.00802368128563443,0.016880862780084962,0.013028231460385058
109,hierarchical_manifest,False,116,3,0.44999999999999996,256,256,0.013028231460385058,-0.00802368128563443,0.016880862780084962,0.013028231460385058
109,complete_global_manifest,False,116,3,0.44999999999999996,256,256,0.013028231460385058,-0.00802368128563443,0.016880862780084962,0.013028231460385058
110,winner_only,True,20,0,0.15,1,256,0.01525279242253045,-0.0012301767960104367,0.007915714004649316,0.01525279242253045
110,selected_family_only,False,20,0,0.15,32,256,0.01525279242253045,-0.0012301767960104367,0.007915714004649316,0.01525279242253045
110,hierarchical_manifest,False,20,0,0.15,256,256,0.01525279242253045,-0.0012301767960104367,0.007915714004649316,0.01525279242253045
110,complete_global_manifest,False,20,0,0.15,256,256,0.01525279242253045,-0.0012301767960104367,0.007915714004649316,0.01525279242253045
111,winner_only,True,74,2,0.35,1,256,0.016717748000747098,0.00373722592130579,0.0023958049557125556,0.016717748000747098
111,selected_family_only,False,74,2,0.35,32,256,0.016717748000747098,0.00373722592130579,0.0023958049557125556,0.016717748000747098
111,hierarchical_manifest,False,74,2,0.35,256,256,0.016717748000747098,0.00373722592130579,0.0023958049557125556,0.016717748000747098
111,complete_global_manifest,False,74,2,0.35,256,256,0.016717748000747098,0.00373722592130579,0.0023958049557125556,0.016717748000747098
112,winner_only,True,207,6,0.75,1,256,0.014173388501443646,-0.0038363269058836265,0.008510742366108092,0.014173388501443646
112,selected_family_only,False,207,6,0.75,32,256,0.014173388501443646,-0.0038363269058836265,0.008510742366108092,0.014173388501443646
112,hierarchical_manifest,False,207,6,0.75,256,256,0.014173388501443646,-0.0038363269058836265,0.008510742366108092,0.014173388501443646
112,complete_global_manifest,False,207,6,0.75,256,256,0.014173388501443646,-0.0038363269058836265,0.008510742366108092,0.014173388501443646
113,winner_only,True,99,3,0.44999999999999996,1,256,0.015084246164570426,0.0009897009105427636,0.006701886780268479,0.015084246164570426
113,selected_family_only,False,99,3,0.44999999999999996,32,256,0.015084246164570426,0.0009897009105427636,0.006701886780268479,0.015084246164570426
113,hierarchical_manifest,False,99,3,0.44999999999999996,256,256,0.015084246164570426,0.0009897009105427636,0.006701886780268479,0.015084246164570426
113,complete_global_manifest,False,99,3,0.44999999999999996,256,256,0.015084246164570426,0.0009897009105427636,0.006701886780268479,0.015084246164570426
114,winner_only,True,52,1,0.25,1,256,0.014353998978356897,0.0032772665305613275,0.008309823201231721,0.014353998978356897
114,selected_family_only,False,52,1,0.25,32,256,0.014353998978356897,0.0032772665305613275,0.008309823201231721,0.014353998978356897
114,hierarchical_manifest,False,52,1,0.25,256,256,0.014353998978356897,0.0032772665305613275,0.008309823201231721,0.014353998978356897
114,complete_global_manifest,False,52,1,0.25,256,256,0.014353998978356897,0.0032772665305613275,0.008309823201231721,0.014353998978356897
115,winner_only,True,217,6,0.75,1,256,0.020103626135843662,-0.00016645139863885863,0.0005671911937687108,0.020103626135843662
115,selected_family_only,True,217,6,0.75,32,256,0.020103626135843662,-0.00016645139863885863,0.0005671911937687108,0.020103626135843662
115,hierarchical_manifest,False,217,6,0.75,256,256,0.020103626135843662,-0.00016645139863885863,0.0005671911937687108,0.020103626135843662
115,complete_global_manifest,False,217,6,0.75,256,256,0.020103626135843662,-0.00016645139863885863,0.0005671911937687108,0.020103626135843662
116,winner_only,True,41,1,0.25,1,256,0.012881447970582353,-0.003577792136903323,0.014274223379818063,0.012881447970582353
116,selected_family_only,False,41,1,0.25,32,256,0.012881447970582353,-0.003577792136903323,0.014274223379818063,0.012881447970582353
116,hierarchical_manifest,False,41,1,0.25,256,256,0.012881447970582353,-0.003577792136903323,0.014274223379818063,0.012881447970582353
116,complete_global_manifest,False,41,1,0.25,256,256,0.012881447970582353,-0.003577792136903323,0.014274223379818063,0.012881447970582353
117,winner_only,True,55,1,0.25,1,256,0.015246131180178979,0.0022603879423705666,0.0030706584416697095,0.015246131180178979
117,selected_family_only,False,55,1,0.25,32,256,0.015246131180178979,0.0022603879423705666,0.0030706584416697095,0.015246131180178979
117,hierarchical_manifest,False,55,1,0.25,256,256,0.015246131180178979,0.0022603879423705666,0.0030706584416697095,0.015246131180178979
117,complete_global_manifest,False,55,1,0.25,256,256,0.015246131180178979,0.0022603879423705666,0.0030706584416697095,0.015246131180178979
118,winner_only,True,70,2,0.35,1,256,0.014021794110845011,-0.010972851168985885,0.009920908692066065,0.014021794110845011
118,selected_family_only,False,70,2,0.35,32,256,0.014021794110845011,-0.010972851168985885,0.009920908692066065,0.014021794110845011
118,hierarchical_manifest,False,70,2,0.35,256,256,0.014021794110845011,-0.010972851168985885,0.009920908692066065,0.014021794110845011
118,complete_global_manifest,False,70,2,0.35,256,256,0.014021794110845011,-0.010972851168985885,0.009920908692066065,0.014021794110845011
119,winner_only,True,215,6,0.75,1,256,0.013714005320382442,0.009847277681113119,0.007752079311332469,0.013714005320382442
119,selected_family_only,False,215,6,0.75,32,256,0.013714005320382442,0.009847277681113119,0.007752079311332469,0.013714005320382442
119,hierarchical_manifest,False,215,6,0.75,256,256,0.013714005320382442,0.009847277681113119,0.007752079311332469,0.013714005320382442
119,complete_global_manifest,False,215,6,0.75,256,256,0.013714005320382442,0.009847277681113119,0.007752079311332469,0.013714005320382442
120,winner_only,True,32,1,0.25,1,256,0.015459716155042581,-0.00046992151269216074,0.003713827827921465,0.015459716155042581
120,selected_family_only,False,32,1,0.25,32,256,0.015459716155042581,-0.00046992151269216074,0.003713827827921465,0.015459716155042581
120,hierarchical_manifest,False,32,1,0.25,256,256,0.015459716155042581,-0.00046992151269216074,0.003713827827921465,0.015459716155042581
120,complete_global_manifest,False,32,1,0.25,256,256,0.015459716155042581,-0.00046992151269216074,0.003713827827921465,0.015459716155042581
121,winner_only,True,197,6,0.75,1,256,0.01679657307656154,-0.005768378508914168,0.0023623831573259136,0.01679657307656154
121,selected_family_only,False,197,6,0.75,32,256,0.01679657307656154,-0.005768378508914168,0.0023623831573259136,0.01679657307656154
121,hierarchical_manifest,False,197,6,0.75,256,256,0.01679657307656154,-0.005768378508914168,0.0023623831573259136,0.01679657307656154
121,complete_global_manifest,False,197,6,0.75,256,256,0.01679657307656154,-0.005768378508914168,0.0023623831573259136,0.01679657307656154
122,winner_only,True,120,3,0.44999999999999996,1,256,0.020644970351995078,0.0060939300196826765,0.00026492808993267404,0.020644970351995078
122,selected_family_only,True,120,3,0.44999999999999996,32,256,0.020644970351995078,0.0060939300196826765,0.00026492808993267404,0.020644970351995078
122,hierarchical_manifest,False,120,3,0.44999999999999996,256,256,0.020644970351995078,0.0060939300196826765,0.00026492808993267404,0.020644970351995078
122,complete_global_manifest,False,120,3,0.44999999999999996,256,256,0.020644970351995078,0.0060939300196826765,0.00026492808993267404,0.020644970351995078
123,winner_only,True,92,2,0.35,1,256,0.014694509161115128,-0.006528067179993655,0.006441274073657773,0.014694509161115128
123,selected_family_only,False,92,2,0.35,32,256,0.014694509161115128,-0.006528067179993655,0.006441274073657773,0.014694509161115128
123,hierarchical_manifest,False,92,2,0.35,256,256,0.014694509161115128,-0.006528067179993655,0.006441274073657773,0.014694509161115128
123,complete_global_manifest,False,92,2,0.35,256,256,0.014694509161115128,-0.006528067179993655,0.006441274073657773,0.014694509161115128
124,winner_only,True,118,3,0.44999999999999996,1,256,0.015342854171921154,-0.004561721005248472,0.006400194064832627,0.015342854171921154
124,selected_family_only,False,118,3,0.44999999999999996,32,256,0.015342854171921154,-0.004561721005248472,0.006400194064832627,0.015342854171921154
124,hierarchical_manifest,False,118,3,0.44999999999999996,256,256,0.015342854171921154,-0.004561721005248472,0.006400194064832627,0.015342854171921154
124,complete_global_manifest,False,118,3,0.44999999999999996,256,256,0.015342854171921154,-0.004561721005248472,0.006400194064832627,0.015342854171921154
125,winner_only,True,144,4,0.5499999999999999,1,256,0.017041836583630707,0.004310925474717838,0.001768835065669874,0.017041836583630707
125,selected_family_only,False,144,4,0.5499999999999999,32,256,0.017041836583630707,0.004310925474717838,0.001768835065669874,0.017041836583630707
125,hierarchical_manifest,False,144,4,0.5499999999999999,256,256,0.017041836583630707,0.004310925474717838,0.001768835065669874,0.017041836583630707
125,complete_global_manifest,False,144,4,0.5499999999999999,256,256,0.017041836583630707,0.004310925474717838,0.001768835065669874,0.017041836583630707
126,winner_only,True,20,0,0.15,1,256,0.014605878667180288,0.0001122578837533132,0.0051107463109594,0.014605878667180288
126,selected_family_only,False,20,0,0.15,32,256,0.014605878667180288,0.0001122578837533132,0.0051107463109594,0.014605878667180288
126,hierarchical_manifest,False,20,0,0.15,256,256,0.014605878667180288,0.0001122578837533132,0.0051107463109594,0.014605878667180288
126,complete_global_manifest,False,20,0,0.15,256,256,0.014605878667180288,0.0001122578837533132,0.0051107463109594,0.014605878667180288
127,winner_only,True,70,2,0.35,1,256,0.01817477160293633,0.009846876617623688,0.0016501534372895138,0.01817477160293633
127,selected_family_only,False,70,2,0.35,32,256,0.01817477160293633,0.009846876617623688,0.0016501534372895138,0.01817477160293633
127,hierarchical_manifest,False,70,2,0.35,256,256,0.01817477160293633,0.009846876617623688,0.0016501534372895138,0.01817477160293633
127,complete_global_manifest,False,70,2,0.35,256,256,0.01817477160293633,0.009846876617623688,0.0016501534372895138,0.01817477160293633
128,winner_only,True,101,3,0.44999999999999996,1,256,0.0159538913031668,0.018793561726753612,0.0017959340542866094,0.0159538913031668
128,selected_family_only,False,101,3,0.44999999999999996,32,256,0.0159538913031668,0.018793561726753612,0.0017959340542866094,0.0159538913031668
128,hierarchical_manifest,False,101,3,0.44999999999999996,256,256,0.0159538913031668,0.018793561726753612,0.0017959340542866094,0.0159538913031668
128,complete_global_manifest,False,101,3,0.44999999999999996,256,256,0.0159538913031668,0.018793561726753612,0.0017959340542866094,0.0159538913031668
129,winner_only,True,18,0,0.15,1,256,0.012877451471720857,-0.0021388269965511436,0.00798112677368797,0.012877451471720857
129,selected_family_only,False,18,0,0.15,32,256,0.012877451471720857,-0.0021388269965511436,0.00798112677368797,0.012877451471720857
129,hierarchical_manifest,False,18,0,0.15,256,256,0.012877451471720857,-0.0021388269965511436,0.00798112677368797,0.012877451471720857
129,complete_global_manifest,False,18,0,0.15,256,256,0.012877451471720857,-0.0021388269965511436,0.00798112677368797,0.012877451471720857
130,winner_only,True,78,2,0.35,1,256,0.017752801344809752,0.000801305773469241,0.002120671468095593,0.017752801344809752
130,selected_family_only,False,78,2,0.35,32,256,0.017752801344809752,0.000801305773469241,0.002120671468095593,0.017752801344809752
130,hierarchical_manifest,False,78,2,0.35,256,256,0.017752801344809752,0.000801305773469241,0.002120671468095593,0.017752801344809752
130,complete_global_manifest,False,78,2,0.35,256,256,0.017752801344809752,0.000801305773469241,0.002120671468095593,0.017752801344809752
131,winner_only,True,52,1,0.25,1,256,0.01152589909017139,-0.004127562147926763,0.029085299456472664,0.01152589909017139
131,selected_family_only,False,52,1,0.25,32,256,0.01152589909017139,-0.004127562147926763,0.029085299456472664,0.01152589909017139
131,hierarchical_manifest,False,52,1,0.25,256,256,0.01152589909017139,-0.004127562147926763,0.029085299456472664,0.01152589909017139
131,complete_global_manifest,False,52,1,0.25,256,256,0.01152589909017139,-0.004127562147926763,0.029085299456472664,0.01152589909017139
132,winner_only,True,111,3,0.44999999999999996,1,256,0.010353895768735943,0.00563743961005784,0.04189916361996763,0.010353895768735943
132,selected_family_only,False,111,3,0.44999999999999996,32,256,0.010353895768735943,0.00563743961005784,0.04189916361996763,0.010353895768735943
132,hierarchical_manifest,False,111,3,0.44999999999999996,256,256,0.010353895768735943,0.00563743961005784,0.04189916361996763,0.010353895768735943
132,complete_global_manifest,False,111,3,0.44999999999999996,256,256,0.010353895768735943,0.00563743961005784,0.04189916361996763,0.010353895768735943
133,winner_only,True,30,0,0.15,1,256,0.016389979844599382,-0.0029655984440555556,0.0025817773774271815,0.016389979844599382
133,selected_family_only,False,30,0,0.15,32,256,0.016389979844599382,-0.0029655984440555556,0.0025817773774271815,0.016389979844599382
133,hierarchical_manifest,False,30,0,0.15,256,256,0.016389979844599382,-0.0029655984440555556,0.0025817773774271815,0.016389979844599382
133,complete_global_manifest,False,30,0,0.15,256,256,0.016389979844599382,-0.0029655984440555556,0.0025817773774271815,0.016389979844599382
134,winner_only,True,197,6,0.75,1,256,0.014658679588451217,-0.0002699795441226076,0.005241005746502839,0.014658679588451217
134,selected_family_only,False,197,6,0.75,32,256,0.014658679588451217,-0.0002699795441226076,0.005241005746502839,0.014658679588451217
134,hierarchical_manifest,False,197,6,0.75,256,256,0.014658679588451217,-0.0002699795441226076,0.005241005746502839,0.014658679588451217
134,complete_global_manifest,False,197,6,0.75,256,256,0.014658679588451217,-0.0002699795441226076,0.005241005746502839,0.014658679588451217
135,winner_only,True,28,0,0.15,1,256,0.012838191935898084,-0.010265124098036232,0.011277973961787882,0.012838191935898084
135,selected_family_only,False,28,0,0.15,32,256,0.012838191935898084,-0.010265124098036232,0.011277973961787882,0.012838191935898084
135,hierarchical_manifest,False,28,0,0.15,256,256,0.012838191935898084,-0.010265124098036232,0.011277973961787882,0.012838191935898084
135,complete_global_manifest,False,28,0,0.15,256,256,0.012838191935898084,-0.010265124098036232,0.011277973961787882,0.012838191935898084
136,winner_only,True,201,6,0.75,1,256,0.016081360863710283,0.0005951488234361834,0.004414641052689461,0.016081360863710283
136,selected_family_only,False,201,6,0.75,32,256,0.016081360863710283,0.0005951488234361834,0.004414641052689461,0.016081360863710283
136,hierarchical_manifest,False,201,6,0.75,256,256,0.016081360863710283,0.0005951488234361834,0.004414641052689461,0.016081360863710283
136,complete_global_manifest,False,201,6,0.75,256,256,0.016081360863710283,0.0005951488234361834,0.004414641052689461,0.016081360863710283
137,winner_only,True,148,4,0.5499999999999999,1,256,0.010709304042000595,0.005532650689011237,0.03225404190804825,0.010709304042000595
137,selected_family_only,False,148,4,0.5499999999999999,32,256,0.010709304042000595,0.005532650689011237,0.03225404190804825,0.010709304042000595
137,hierarchical_manifest,False,148,4,0.5499999999999999,256,256,0.010709304042000595,0.005532650689011237,0.03225404190804825,0.010709304042000595
137,complete_global_manifest,False,148,4,0.5499999999999999,256,256,0.010709304042000595,0.005532650689011237,0.03225404190804825,0.010709304042000595
138,winner_only,True,83,2,0.35,1,256,0.016888447699474597,-0.001154709744044366,0.0020840117880696228,0.016888447699474597
138,selected_family_only,False,83,2,0.35,32,256,0.016888447699474597,-0.001154709744044366,0.0020840117880696228,0.016888447699474597
138,hierarchical_manifest,False,83,2,0.35,256,256,0.016888447699474597,-0.001154709744044366,0.0020840117880696228,0.016888447699474597
138,complete_global_manifest,False,83,2,0.35,256,256,0.016888447699474597,-0.001154709744044366,0.0020840117880696228,0.016888447699474597
139,winner_only,True,81,2,0.35,1,256,0.017853373033141683,-0.01467682247773657,0.001567284884739423,0.017853373033141683
139,selected_family_only,False,81,2,0.35,32,256,0.017853373033141683,-0.01467682247773657,0.001567284884739423,0.017853373033141683
139,hierarchical_manifest,False,81,2,0.35,256,256,0.017853373033141683,-0.01467682247773657,0.001567284884739423,0.017853373033141683
139,complete_global_manifest,False,81,2,0.35,256,256,0.017853373033141683,-0.01467682247773657,0.001567284884739423,0.017853373033141683
140,winner_only,True,224,7,0.85,1,256,0.011521174394145812,-0.002270956051262629,0.03151927855035067,0.011521174394145812
140,selected_family_only,False,224,7,0.85,32,256,0.011521174394145812,-0.002270956051262629,0.03151927855035067,0.011521174394145812
140,hierarchical_manifest,False,224,7,0.85,256,256,0.011521174394145812,-0.002270956051262629,0.03151927855035067,0.011521174394145812
140,complete_global_manifest,False,224,7,0.85,256,256,0.011521174394145812,-0.002270956051262629,0.03151927855035067,0.011521174394145812
141,winner_only,True,56,1,0.25,1,256,0.016018101700627504,0.0077587373311044,0.003900012189972659,0.016018101700627504
141,selected_family_only,False,56,1,0.25,32,256,0.016018101700627504,0.0077587373311044,0.003900012189972659,0.016018101700627504
141,hierarchical_manifest,False,56,1,0.25,256,256,0.016018101700627504,0.0077587373311044,0.003900012189972659,0.016018101700627504
141,complete_global_manifest,False,56,1,0.25,256,256,0.016018101700627504,0.0077587373311044,0.003900012189972659,0.016018101700627504
142,winner_only,True,42,1,0.25,1,256,0.01759313336577461,-0.005972413512309438,0.0023740130862297025,0.01759313336577461
142,selected_family_only,False,42,1,0.25,32,256,0.01759313336577461,-0.005972413512309438,0.0023740130862297025,0.01759313336577461
142,hierarchical_manifest,False,42,1,0.25,256,256,0.01759313336577461,-0.005972413512309438,0.0023740130862297025,0.01759313336577461
142,complete_global_manifest,False,42,1,0.25,256,256,0.01759313336577461,-0.005972413512309438,0.0023740130862297025,0.01759313336577461
143,winner_only,True,176,5,0.6499999999999999,1,256,0.01153674980913729,0.007815200160832314,0.018979862824555816,0.01153674980913729
143,selected_family_only,False,176,5,0.6499999999999999,32,256,0.01153674980913729,0.007815200160832314,0.018979862824555816,0.01153674980913729
143,hierarchical_manifest,False,176,5,0.6499999999999999,256,256,0.01153674980913729,0.007815200160832314,0.018979862824555816,0.01153674980913729
143,complete_global_manifest,False,176,5,0.6499999999999999,256,256,0.01153674980913729,0.007815200160832314,0.018979862824555816,0.01153674980913729
144,winner_only,True,123,3,0.44999999999999996,1,256,0.0146481418257304,0.008174705984746964,0.00944929939577076,0.0146481418257304
144,selected_family_only,False,123,3,0.44999999999999996,32,256,0.0146481418257304,0.008174705984746964,0.00944929939577076,0.0146481418257304
144,hierarchical_manifest,False,123,3,0.44999999999999996,256,256,0.0146481418257304,0.008174705984746964,0.00944929939577076,0.0146481418257304
144,complete_global_manifest,False,123,3,0.44999999999999996,256,256,0.0146481418257304,0.008174705984746964,0.00944929939577076,0.0146481418257304
145,winner_only,True,209,6,0.75,1,256,0.016108796502804505,0.004545226436399593,0.0014219845630545661,0.016108796502804505
145,selected_family_only,True,209,6,0.75,32,256,0.016108796502804505,0.004545226436399593,0.0014219845630545661,0.016108796502804505
145,hierarchical_manifest,False,209,6,0.75,256,256,0.016108796502804505,0.004545226436399593,0.0014219845630545661,0.016108796502804505
145,complete_global_manifest,False,209,6,0.75,256,256,0.016108796502804505,0.004545226436399593,0.0014219845630545661,0.016108796502804505
146,winner_only,True,40,1,0.25,1,256,0.015264471254556959,0.0016902978966031124,0.010399585217633166,0.015264471254556959
146,selected_family_only,False,40,1,0.25,32,256,0.015264471254556959,0.0016902978966031124,0.010399585217633166,0.015264471254556959
146,hierarchical_manifest,False,40,1,0.25,256,256,0.015264471254556959,0.0016902978966031124,0.010399585217633166,0.015264471254556959
146,complete_global_manifest,False,40,1,0.25,256,256,0.015264471254556959,0.0016902978966031124,0.010399585217633166,0.015264471254556959
147,winner_only,True,191,5,0.6499999999999999,1,256,0.011126814324951531,-0.002582657652458269,0.03275252952699452,0.011126814324951531
147,selected_family_only,False,191,5,0.6499999999999999,32,256,0.011126814324951531,-0.002582657652458269,0.03275252952699452,0.011126814324951531
147,hierarchical_manifest,False,191,5,0.6499999999999999,256,256,0.011126814324951531,-0.002582657652458269,0.03275252952699452,0.011126814324951531
147,complete_global_manifest,False,191,5,0.6499999999999999,256,256,0.011126814324951531,-0.002582657652458269,0.03275252952699452,0.011126814324951531
148,winner_only,True,136,4,0.5499999999999999,1,256,0.012811674786483826,-0.003796231146118846,0.013260601983871134,0.012811674786483826
148,selected_family_only,False,136,4,0.5499999999999999,32,256,0.012811674786483826,-0.003796231146118846,0.013260601983871134,0.012811674786483826
148,hierarchical_manifest,False,136,4,0.5499999999999999,256,256,0.012811674786483826,-0.003796231146118846,0.013260601983871134,0.012811674786483826
148,complete_global_manifest,False,136,4,0.5499999999999999,256,256,0.012811674786483826,-0.003796231146118846,0.013260601983871134,0.012811674786483826
149,winner_only,True,155,4,0.5499999999999999,1,256,0.01525790788932893,0.007462650483169233,0.0060813253660027666,0.01525790788932893
149,selected_family_only,False,155,4,0.5499999999999999,32,256,0.01525790788932893,0.007462650483169233,0.0060813253660027666,0.01525790788932893
149,hierarchical_manifest,False,155,4,0.5499999999999999,256,256,0.01525790788932893,0.007462650483169233,0.0060813253660027666,0.01525790788932893
149,complete_global_manifest,False,155,4,0.5499999999999999,256,256,0.01525790788932893,0.007462650483169233,0.0060813253660027666,0.01525790788932893
150,winner_only,True,189,5,0.6499999999999999,1,256,0.02365648612254219,-0.005313951825903945,8.162680485242336e-05,0.02365648612254219
150,selected_family_only,True,189,5,0.6499999999999999,32,256,0.02365648612254219,-0.005313951825903945,8.162680485242336e-05,0.02365648612254219
150,hierarchical_manifest,True,189,5,0.6499999999999999,256,256,0.02365648612254219,-0.005313951825903945,8.162680485242336e-05,0.02365648612254219
150,complete_global_manifest,True,189,5,0.6499999999999999,256,256,0.02365648612254219,-0.005313951825903945,8.162680485242336e-05,0.02365648612254219
151,winner_only,True,24,0,0.15,1,256,0.018641773140942938,-0.012568284553318277,0.0014361113385844295,0.018641773140942938
151,selected_family_only,True,24,0,0.15,32,256,0.018641773140942938,-0.012568284553318277,0.0014361113385844295,0.018641773140942938
151,hierarchical_manifest,False,24,0,0.15,256,256,0.018641773140942938,-0.012568284553318277,0.0014361113385844295,0.018641773140942938
151,complete_global_manifest,False,24,0,0.15,256,256,0.018641773140942938,-0.012568284553318277,0.0014361113385844295,0.018641773140942938
152,winner_only,True,34,1,0.25,1,256,0.015248107143448679,0.0045598690630718215,0.008801505916368711,0.015248107143448679
152,selected_family_only,False,34,1,0.25,32,256,0.015248107143448679,0.0045598690630718215,0.008801505916368711,0.015248107143448679
152,hierarchical_manifest,False,34,1,0.25,256,256,0.015248107143448679,0.0045598690630718215,0.008801505916368711,0.015248107143448679
152,complete_global_manifest,False,34,1,0.25,256,256,0.015248107143448679,0.0045598690630718215,0.008801505916368711,0.015248107143448679
153,winner_only,True,32,1,0.25,1,256,0.02049677215268882,-0.00804595824310618,0.0007238080710649634,0.02049677215268882
153,selected_family_only,True,32,1,0.25,32,256,0.02049677215268882,-0.00804595824310618,0.0007238080710649634,0.02049677215268882
153,hierarchical_manifest,False,32,1,0.25,256,256,0.02049677215268882,-0.00804595824310618,0.0007238080710649634,0.02049677215268882
153,complete_global_manifest,False,32,1,0.25,256,256,0.02049677215268882,-0.00804595824310618,0.0007238080710649634,0.02049677215268882
154,winner_only,True,179,5,0.6499999999999999,1,256,0.019623545329524407,-0.007264447629970689,0.0003387938933823832,0.019623545329524407
154,selected_family_only,True,179,5,0.6499999999999999,32,256,0.019623545329524407,-0.007264447629970689,0.0003387938933823832,0.019623545329524407
154,hierarchical_manifest,False,179,5,0.6499999999999999,256,256,0.019623545329524407,-0.007264447629970689,0.0003387938933823832,0.019623545329524407
154,complete_global_manifest,False,179,5,0.6499999999999999,256,256,0.019623545329524407,-0.007264447629970689,0.0003387938933823832,0.019623545329524407
155,winner_only,True,65,2,0.35,1,256,0.021590010117748373,0.0064443224547974355,0.00023000983271275692,0.021590010117748373
155,selected_family_only,True,65,2,0.35,32,256,0.021590010117748373,0.0064443224547974355,0.00023000983271275692,0.021590010117748373
155,hierarchical_manifest,False,65,2,0.35,256,256,0.021590010117748373,0.0064443224547974355,0.00023000983271275692,0.021590010117748373
155,complete_global_manifest,False,65,2,0.35,256,256,0.021590010117748373,0.0064443224547974355,0.00023000983271275692,0.021590010117748373
156,winner_only,True,11,0,0.15,1,256,0.010944509969380395,-0.011076643943980433,0.04263289720923916,0.010944509969380395
156,selected_family_only,False,11,0,0.15,32,256,0.010944509969380395,-0.011076643943980433,0.04263289720923916,0.010944509969380395
156,hierarchical_manifest,False,11,0,0.15,256,256,0.010944509969380395,-0.011076643943980433,0.04263289720923916,0.010944509969380395
156,complete_global_manifest,False,11,0,0.15,256,256,0.010944509969380395,-0.011076643943980433,0.04263289720923916,0.010944509969380395
157,winner_only,True,7,0,0.15,1,256,0.01999872550610912,0.012136202860029983,0.00023655272675203914,0.01999872550610912
157,selected_family_only,True,7,0,0.15,32,256,0.01999872550610912,0.012136202860029983,0.00023655272675203914,0.01999872550610912
157,hierarchical_manifest,False,7,0,0.15,256,256,0.01999872550610912,0.012136202860029983,0.00023655272675203914,0.01999872550610912
157,complete_global_manifest,False,7,0,0.15,256,256,0.01999872550610912,0.012136202860029983,0.00023655272675203914,0.01999872550610912
158,winner_only,True,243,7,0.85,1,256,0.012805183844578615,0.005801398262917576,0.014089613542903827,0.012805183844578615
158,selected_family_only,False,243,7,0.85,32,256,0.012805183844578615,0.005801398262917576,0.014089613542903827,0.012805183844578615
158,hierarchical_manifest,False,243,7,0.85,256,256,0.012805183844578615,0.005801398262917576,0.014089613542903827,0.012805183844578615
158,complete_global_manifest,False,243,7,0.85,256,256,0.012805183844578615,0.005801398262917576,0.014089613542903827,0.012805183844578615
159,winner_only,True,70,2,0.35,1,256,0.01468202347591871,0.012878058769964736,0.0076401977615321425,0.01468202347591871
159,selected_family_only,False,70,2,0.35,32,256,0.01468202347591871,0.012878058769964736,0.0076401977615321425,0.01468202347591871
159,hierarchical_manifest,False,70,2,0.35,256,256,0.01468202347591871,0.012878058769964736,0.0076401977615321425,0.01468202347591871
159,complete_global_manifest,False,70,2,0.35,256,256,0.01468202347591871,0.012878058769964736,0.0076401977615321425,0.01468202347591871
160,winner_only,True,167,5,0.6499999999999999,1,256,0.015013445507572169,-0.00579750793798631,0.00802564969644016,0.015013445507572169
160,selected_family_only,False,167,5,0.6499999999999999,32,256,0.015013445507572169,-0.00579750793798631,0.00802564969644016,0.015013445507572169
160,hierarchical_manifest,False,167,5,0.6499999999999999,256,256,0.015013445507572169,-0.00579750793798631,0.00802564969644016,0.015013445507572169
160,complete_global_manifest,False,167,5,0.6499999999999999,256,256,0.015013445507572169,-0.00579750793798631,0.00802564969644016,0.015013445507572169
161,winner_only,True,86,2,0.35,1,256,0.01528418855480205,0.0033907304804551928,0.005514395742694226,0.01528418855480205
161,selected_family_only,False,86,2,0.35,32,256,0.01528418855480205,0.0033907304804551928,0.005514395742694226,0.01528418855480205
161,hierarchical_manifest,False,86,2,0.35,256,256,0.01528418855480205,0.0033907304804551928,0.005514395742694226,0.01528418855480205
161,complete_global_manifest,False,86,2,0.35,256,256,0.01528418855480205,0.0033907304804551928,0.005514395742694226,0.01528418855480205
162,winner_only,True,125,3,0.44999999999999996,1,256,0.011496790844654572,0.0034892073511086025,0.02957331378361041,0.011496790844654572
162,selected_family_only,False,125,3,0.44999999999999996,32,256,0.011496790844654572,0.0034892073511086025,0.02957331378361041,0.011496790844654572
162,hierarchical_manifest,False,125,3,0.44999999999999996,256,256,0.011496790844654572,0.0034892073511086025,0.02957331378361041,0.011496790844654572
162,complete_global_manifest,False,125,3,0.44999999999999996,256,256,0.011496790844654572,0.0034892073511086025,0.02957331378361041,0.011496790844654572
163,winner_only,True,7,0,0.15,1,256,0.01318602583025498,0.0018597974468842146,0.013257685017340884,0.01318602583025498
163,selected_family_only,False,7,0,0.15,32,256,0.01318602583025498,0.0018597974468842146,0.013257685017340884,0.01318602583025498
163,hierarchical_manifest,False,7,0,0.15,256,256,0.01318602583025498,0.0018597974468842146,0.013257685017340884,0.01318602583025498
163,complete_global_manifest,False,7,0,0.15,256,256,0.01318602583025498,0.0018597974468842146,0.013257685017340884,0.01318602583025498
164,winner_only,True,98,3,0.44999999999999996,1,256,0.014330472388540277,0.010470123469344728,0.011554357939207628,0.014330472388540277
164,selected_family_only,False,98,3,0.44999999999999996,32,256,0.014330472388540277,0.010470123469344728,0.011554357939207628,0.014330472388540277
164,hierarchical_manifest,False,98,3,0.44999999999999996,256,256,0.014330472388540277,0.010470123469344728,0.011554357939207628,0.014330472388540277
164,complete_global_manifest,False,98,3,0.44999999999999996,256,256,0.014330472388540277,0.010470123469344728,0.011554357939207628,0.014330472388540277
165,winner_only,True,27,0,0.15,1,256,0.015877186086336117,0.0019415212306454423,0.004012729170676707,0.015877186086336117
165,selected_family_only,False,27,0,0.15,32,256,0.015877186086336117,0.0019415212306454423,0.004012729170676707,0.015877186086336117
165,hierarchical_manifest,False,27,0,0.15,256,256,0.015877186086336117,0.0019415212306454423,0.004012729170676707,0.015877186086336117
165,complete_global_manifest,False,27,0,0.15,256,256,0.015877186086336117,0.0019415212306454423,0.004012729170676707,0.015877186086336117
166,winner_only,True,62,1,0.25,1,256,0.013642268436217853,-0.0041513152044319315,0.007729170993270458,0.013642268436217853
166,selected_family_only,False,62,1,0.25,32,256,0.013642268436217853,-0.0041513152044319315,0.007729170993270458,0.013642268436217853
166,hierarchical_manifest,False,62,1,0.25,256,256,0.013642268436217853,-0.0041513152044319315,0.007729170993270458,0.013642268436217853
166,complete_global_manifest,False,62,1,0.25,256,256,0.013642268436217853,-0.0041513152044319315,0.007729170993270458,0.013642268436217853
167,winner_only,True,75,2,0.35,1,256,0.020459949141315964,-0.001675706924022687,0.00013034946515250216,0.020459949141315964
167,selected_family_only,True,75,2,0.35,32,256,0.020459949141315964,-0.001675706924022687,0.00013034946515250216,0.020459949141315964
167,hierarchical_manifest,True,75,2,0.35,256,256,0.020459949141315964,-0.001675706924022687,0.00013034946515250216,0.020459949141315964
167,complete_global_manifest,True,75,2,0.35,256,256,0.020459949141315964,-0.001675706924022687,0.00013034946515250216,0.020459949141315964
168,winner_only,True,53,1,0.25,1,256,0.020680770564567852,0.0011679483090132007,0.0005695681817501883,0.020680770564567852
168,selected_family_only,True,53,1,0.25,32,256,0.020680770564567852,0.0011679483090132007,0.0005695681817501883,0.020680770564567852
168,hierarchical_manifest,False,53,1,0.25,256,256,0.020680770564567852,0.0011679483090132007,0.0005695681817501883,0.020680770564567852
168,complete_global_manifest,False,53,1,0.25,256,256,0.020680770564567852,0.0011679483090132007,0.0005695681817501883,0.020680770564567852
169,winner_only,True,4,0,0.15,1,256,0.014318763658145892,-0.010662086993806427,0.009425316430360054,0.014318763658145892
169,selected_family_only,False,4,0,0.15,32,256,0.014318763658145892,-0.010662086993806427,0.009425316430360054,0.014318763658145892
169,hierarchical_manifest,False,4,0,0.15,256,256,0.014318763658145892,-0.010662086993806427,0.009425316430360054,0.014318763658145892
169,complete_global_manifest,False,4,0,0.15,256,256,0.014318763658145892,-0.010662086993806427,0.009425316430360054,0.014318763658145892
170,winner_only,True,103,3,0.44999999999999996,1,256,0.013248077135338385,-0.012099884196377858,0.00960872473576694,0.013248077135338385
170,selected_family_only,False,103,3,0.44999999999999996,32,256,0.013248077135338385,-0.012099884196377858,0.00960872473576694,0.013248077135338385
170,hierarchical_manifest,False,103,3,0.44999999999999996,256,256,0.013248077135338385,-0.012099884196377858,0.00960872473576694,0.013248077135338385
170,complete_global_manifest,False,103,3,0.44999999999999996,256,256,0.013248077135338385,-0.012099884196377858,0.00960872473576694,0.013248077135338385
171,winner_only,True,155,4,0.5499999999999999,1,256,0.014419182175937711,-0.010326931870569205,0.006840999985971345,0.014419182175937711
171,selected_family_only,False,155,4,0.5499999999999999,32,256,0.014419182175937711,-0.010326931870569205,0.006840999985971345,0.014419182175937711
171,hierarchical_manifest,False,155,4,0.5499999999999999,256,256,0.014419182175937711,-0.010326931870569205,0.006840999985971345,0.014419182175937711
171,complete_global_manifest,False,155,4,0.5499999999999999,256,256,0.014419182175937711,-0.010326931870569205,0.006840999985971345,0.014419182175937711
172,winner_only,True,180,5,0.6499999999999999,1,256,0.015316238362169474,1.9753733990645886e-05,0.005078529817176458,0.015316238362169474
172,selected_family_only,False,180,5,0.6499999999999999,32,256,0.015316238362169474,1.9753733990645886e-05,0.005078529817176458,0.015316238362169474
172,hierarchical_manifest,False,180,5,0.6499999999999999,256,256,0.015316238362169474,1.9753733990645886e-05,0.005078529817176458,0.015316238362169474
172,complete_global_manifest,False,180,5,0.6499999999999999,256,256,0.015316238362169474,1.9753733990645886e-05,0.005078529817176458,0.015316238362169474
173,winner_only,True,69,2,0.35,1,256,0.019161502165423557,0.00948902389130379,0.000856134556511513,0.019161502165423557
173,selected_family_only,True,69,2,0.35,32,256,0.019161502165423557,0.00948902389130379,0.000856134556511513,0.019161502165423557
173,hierarchical_manifest,False,69,2,0.35,256,256,0.019161502165423557,0.00948902389130379,0.000856134556511513,0.019161502165423557
173,complete_global_manifest,False,69,2,0.35,256,256,0.019161502165423557,0.00948902389130379,0.000856134556511513,0.019161502165423557
174,winner_only,True,153,4,0.5499999999999999,1,256,0.012229940049245965,-0.0026987167088668765,0.016617811218555142,0.012229940049245965
174,selected_family_only,False,153,4,0.5499999999999999,32,256,0.012229940049245965,-0.0026987167088668765,0.016617811218555142,0.012229940049245965
174,hierarchical_manifest,False,153,4,0.5499999999999999,256,256,0.012229940049245965,-0.0026987167088668765,0.016617811218555142,0.012229940049245965
174,complete_global_manifest,False,153,4,0.5499999999999999,256,256,0.012229940049245965,-0.0026987167088668765,0.016617811218555142,0.012229940049245965
175,winner_only,True,163,5,0.6499999999999999,1,256,0.011706083590518116,0.00541904206797058,0.02917643147639704,0.011706083590518116
175,selected_family_only,False,163,5,0.6499999999999999,32,256,0.011706083590518116,0.00541904206797058,0.02917643147639704,0.011706083590518116
175,hierarchical_manifest,False,163,5,0.6499999999999999,256,256,0.011706083590518116,0.00541904206797058,0.02917643147639704,0.011706083590518116
175,complete_global_manifest,False,163,5,0.6499999999999999,256,256,0.011706083590518116,0.00541904206797058,0.02917643147639704,0.011706083590518116
176,winner_only,True,87,2,0.35,1,256,0.01613100123113414,-0.007217851509434114,0.004012123691526582,0.01613100123113414
176,selected_family_only,False,87,2,0.35,32,256,0.01613100123113414,-0.007217851509434114,0.004012123691526582,0.01613100123113414
176,hierarchical_manifest,False,87,2,0.35,256,256,0.01613100123113414,-0.007217851509434114,0.004012123691526582,0.01613100123113414
176,complete_global_manifest,False,87,2,0.35,256,256,0.01613100123113414,-0.007217851509434114,0.004012123691526582,0.01613100123113414
177,winner_only,True,193,6,0.75,1,256,0.016195194279287523,0.0029534898672988336,0.0015943442077723893,0.016195194279287523
177,selected_family_only,False,193,6,0.75,32,256,0.016195194279287523,0.0029534898672988336,0.0015943442077723893,0.016195194279287523
177,hierarchical_manifest,False,193,6,0.75,256,256,0.016195194279287523,0.0029534898672988336,0.0015943442077723893,0.016195194279287523
177,complete_global_manifest,False,193,6,0.75,256,256,0.016195194279287523,0.0029534898672988336,0.0015943442077723893,0.016195194279287523
178,winner_only,True,170,5,0.6499999999999999,1,256,0.018428004562574773,-0.004093898415738283,0.0012532383954656533,0.018428004562574773
178,selected_family_only,True,170,5,0.6499999999999999,32,256,0.018428004562574773,-0.004093898415738283,0.0012532383954656533,0.018428004562574773
178,hierarchical_manifest,False,170,5,0.6499999999999999,256,256,0.018428004562574773,-0.004093898415738283,0.0012532383954656533,0.018428004562574773
178,complete_global_manifest,False,170,5,0.6499999999999999,256,256,0.018428004562574773,-0.004093898415738283,0.0012532383954656533,0.018428004562574773
179,winner_only,True,109,3,0.44999999999999996,1,256,0.01491349777807053,-0.001888358328517076,0.008353414821129076,0.01491349777807053
179,selected_family_only,False,109,3,0.44999999999999996,32,256,0.01491349777807053,-0.001888358328517076,0.008353414821129076,0.01491349777807053
179,hierarchical_manifest,False,109,3,0.44999999999999996,256,256,0.01491349777807053,-0.001888358328517076,0.008353414821129076,0.01491349777807053
179,complete_global_manifest,False,109,3,0.44999999999999996,256,256,0.01491349777807053,-0.001888358328517076,0.008353414821129076,0.01491349777807053
180,winner_only,True,106,3,0.44999999999999996,1,256,0.011891496397580402,-0.013970650646496507,0.016165726153591395,0.011891496397580402
180,selected_family_only,False,106,3,0.44999999999999996,32,256,0.011891496397580402,-0.013970650646496507,0.016165726153591395,0.011891496397580402
180,hierarchical_manifest,False,106,3,0.44999999999999996,256,256,0.011891496397580402,-0.013970650646496507,0.016165726153591395,0.011891496397580402
180,complete_global_manifest,False,106,3,0.44999999999999996,256,256,0.011891496397580402,-0.013970650646496507,0.016165726153591395,0.011891496397580402
181,winner_only,True,73,2,0.35,1,256,0.0175893178984077,-0.0004888045426850817,0.0035083790903588526,0.0175893178984077
181,selected_family_only,False,73,2,0.35,32,256,0.0175893178984077,-0.0004888045426850817,0.0035083790903588526,0.0175893178984077
181,hierarchical_manifest,False,73,2,0.35,256,256,0.0175893178984077,-0.0004888045426850817,0.0035083790903588526,0.0175893178984077
181,complete_global_manifest,False,73,2,0.35,256,256,0.0175893178984077,-0.0004888045426850817,0.0035083790903588526,0.0175893178984077
182,winner_only,True,73,2,0.35,1,256,0.015287311706059143,0.009407378537554195,0.009901362648238583,0.015287311706059143
182,selected_family_only,False,73,2,0.35,32,256,0.015287311706059143,0.009407378537554195,0.009901362648238583,0.015287311706059143
182,hierarchical_manifest,False,73,2,0.35,256,256,0.015287311706059143,0.009407378537554195,0.009901362648238583,0.015287311706059143
182,complete_global_manifest,False,73,2,0.35,256,256,0.015287311706059143,0.009407378537554195,0.009901362648238583,0.015287311706059143
183,winner_only,True,187,5,0.6499999999999999,1,256,0.01726538932613471,0.0024417584501656244,0.0012870566319049335,0.01726538932613471
183,selected_family_only,True,187,5,0.6499999999999999,32,256,0.01726538932613471,0.0024417584501656244,0.0012870566319049335,0.01726538932613471
183,hierarchical_manifest,False,187,5,0.6499999999999999,256,256,0.01726538932613471,0.0024417584501656244,0.0012870566319049335,0.01726538932613471
183,complete_global_manifest,False,187,5,0.6499999999999999,256,256,0.01726538932613471,0.0024417584501656244,0.0012870566319049335,0.01726538932613471
184,winner_only,True,118,3,0.44999999999999996,1,256,0.014651235879624006,-0.008489420590993798,0.01111903463308529,0.014651235879624006
184,selected_family_only,False,118,3,0.44999999999999996,32,256,0.014651235879624006,-0.008489420590993798,0.01111903463308529,0.014651235879624006
184,hierarchical_manifest,False,118,3,0.44999999999999996,256,256,0.014651235879624006,-0.008489420590993798,0.01111903463308529,0.014651235879624006
184,complete_global_manifest,False,118,3,0.44999999999999996,256,256,0.014651235879624006,-0.008489420590993798,0.01111903463308529,0.014651235879624006
185,winner_only,True,56,1,0.25,1,256,0.01263457962959998,-0.003964667799708547,0.02265768364172395,0.01263457962959998
185,selected_family_only,False,56,1,0.25,32,256,0.01263457962959998,-0.003964667799708547,0.02265768364172395,0.01263457962959998
185,hierarchical_manifest,False,56,1,0.25,256,256,0.01263457962959998,-0.003964667799708547,0.02265768364172395,0.01263457962959998
185,complete_global_manifest,False,56,1,0.25,256,256,0.01263457962959998,-0.003964667799708547,0.02265768364172395,0.01263457962959998
186,winner_only,True,73,2,0.35,1,256,0.01138553202657488,0.005270794250506526,0.03171063293179036,0.01138553202657488
186,selected_family_only,False,73,2,0.35,32,256,0.01138553202657488,0.005270794250506526,0.03171063293179036,0.01138553202657488
186,hierarchical_manifest,False,73,2,0.35,256,256,0.01138553202657488,0.005270794250506526,0.03171063293179036,0.01138553202657488
186,complete_global_manifest,False,73,2,0.35,256,256,0.01138553202657488,0.005270794250506526,0.03171063293179036,0.01138553202657488
187,winner_only,True,29,0,0.15,1,256,0.014470150785185258,-0.002023720901797529,0.008486473888665582,0.014470150785185258
187,selected_family_only,False,29,0,0.15,32,256,0.014470150785185258,-0.002023720901797529,0.008486473888665582,0.014470150785185258
187,hierarchical_manifest,False,29,0,0.15,256,256,0.014470150785185258,-0.002023720901797529,0.008486473888665582,0.014470150785185258
187,complete_global_manifest,False,29,0,0.15,256,256,0.014470150785185258,-0.002023720901797529,0.008486473888665582,0.014470150785185258
188,winner_only,True,53,1,0.25,1,256,0.015291985564263581,0.0034575880930635726,0.006114938142164162,0.015291985564263581
188,selected_family_only,False,53,1,0.25,32,256,0.015291985564263581,0.0034575880930635726,0.006114938142164162,0.015291985564263581
188,hierarchical_manifest,False,53,1,0.25,256,256,0.015291985564263581,0.0034575880930635726,0.006114938142164162,0.015291985564263581
188,complete_global_manifest,False,53,1,0.25,256,256,0.015291985564263581,0.0034575880930635726,0.006114938142164162,0.015291985564263581
189,winner_only,True,79,2,0.35,1,256,0.011856469499775087,0.004859530882425792,0.02594801001560378,0.011856469499775087
189,selected_family_only,False,79,2,0.35,32,256,0.011856469499775087,0.004859530882425792,0.02594801001560378,0.011856469499775087
189,hierarchical_manifest,False,79,2,0.35,256,256,0.011856469499775087,0.004859530882425792,0.02594801001560378,0.011856469499775087
189,complete_global_manifest,False,79,2,0.35,256,256,0.011856469499775087,0.004859530882425792,0.02594801001560378,0.011856469499775087
190,winner_only,True,4,0,0.15,1,256,0.015344406891586768,0.006512239609250653,0.007356921884766811,0.015344406891586768
190,selected_family_only,False,4,0,0.15,32,256,0.015344406891586768,0.006512239609250653,0.007356921884766811,0.015344406891586768
190,hierarchical_manifest,False,4,0,0.15,256,256,0.015344406891586768,0.006512239609250653,0.007356921884766811,0.015344406891586768
190,complete_global_manifest,False,4,0,0.15,256,256,0.015344406891586768,0.006512239609250653,0.007356921884766811,0.015344406891586768
191,winner_only,True,229,7,0.85,1,256,0.014227730161836885,-0.003920905336520723,0.008924383679384739,0.014227730161836885
191,selected_family_only,False,229,7,0.85,32,256,0.014227730161836885,-0.003920905336520723,0.008924383679384739,0.014227730161836885
191,hierarchical_manifest,False,229,7,0.85,256,256,0.014227730161836885,-0.003920905336520723,0.008924383679384739,0.014227730161836885
191,complete_global_manifest,False,229,7,0.85,256,256,0.014227730161836885,-0.003920905336520723,0.008924383679384739,0.014227730161836885
192,winner_only,True,33,1,0.25,1,256,0.0154188662121504,-0.0014692328135207987,0.007888905030253425,0.0154188662121504
192,selected_family_only,False,33,1,0.25,32,256,0.0154188662121504,-0.0014692328135207987,0.007888905030253425,0.0154188662121504
192,hierarchical_manifest,False,33,1,0.25,256,256,0.0154188662121504,-0.0014692328135207987,0.007888905030253425,0.0154188662121504
192,complete_global_manifest,False,33,1,0.25,256,256,0.0154188662121504,-0.0014692328135207987,0.007888905030253425,0.0154188662121504
193,winner_only,True,22,0,0.15,1,256,0.017109901955029972,0.001370250209580433,0.0022711509184241262,0.017109901955029972
193,selected_family_only,False,22,0,0.15,32,256,0.017109901955029972,0.001370250209580433,0.0022711509184241262,0.017109901955029972
193,hierarchical_manifest,False,22,0,0.15,256,256,0.017109901955029972,0.001370250209580433,0.0022711509184241262,0.017109901955029972
193,complete_global_manifest,False,22,0,0.15,256,256,0.017109901955029972,0.001370250209580433,0.0022711509184241262,0.017109901955029972
194,winner_only,True,48,1,0.25,1,256,0.015183847863951003,0.009157021895804399,0.004228062223880574,0.015183847863951003
194,selected_family_only,False,48,1,0.25,32,256,0.015183847863951003,0.009157021895804399,0.004228062223880574,0.015183847863951003
194,hierarchical_manifest,False,48,1,0.25,256,256,0.015183847863951003,0.009157021895804399,0.004228062223880574,0.015183847863951003
194,complete_global_manifest,False,48,1,0.25,256,256,0.015183847863951003,0.009157021895804399,0.004228062223880574,0.015183847863951003
195,winner_only,True,235,7,0.85,1,256,0.012155057578599823,-0.0032159436525782186,0.021031518055281653,0.012155057578599823
195,selected_family_only,False,235,7,0.85,32,256,0.012155057578599823,-0.0032159436525782186,0.021031518055281653,0.012155057578599823
195,hierarchical_manifest,False,235,7,0.85,256,256,0.012155057578599823,-0.0032159436525782186,0.021031518055281653,0.012155057578599823
195,complete_global_manifest,False,235,7,0.85,256,256,0.012155057578599823,-0.0032159436525782186,0.021031518055281653,0.012155057578599823
196,winner_only,True,70,2,0.35,1,256,0.013446162341906803,-0.009658897612510342,0.01022806891506988,0.013446162341906803
196,selected_family_only,False,70,2,0.35,32,256,0.013446162341906803,-0.009658897612510342,0.01022806891506988,0.013446162341906803
196,hierarchical_manifest,False,70,2,0.35,256,256,0.013446162341906803,-0.009658897612510342,0.01022806891506988,0.013446162341906803
196,complete_global_manifest,False,70,2,0.35,256,256,0.013446162341906803,-0.009658897612510342,0.01022806891506988,0.013446162341906803
197,winner_only,True,102,3,0.44999999999999996,1,256,0.01495137444236948,0.001995495911121108,0.006878849013914974,0.01495137444236948
197,selected_family_only,False,102,3,0.44999999999999996,32,256,0.01495137444236948,0.001995495911121108,0.006878849013914974,0.01495137444236948
197,hierarchical_manifest,False,102,3,0.44999999999999996,256,256,0.01495137444236948,0.001995495911121108,0.006878849013914974,0.01495137444236948
197,complete_global_manifest,False,102,3,0.44999999999999996,256,256,0.01495137444236948,0.001995495911121108,0.006878849013914974,0.01495137444236948
198,winner_only,True,9,0,0.15,1,256,0.018814104073942035,0.006141619511442375,0.0010103172095947048,0.018814104073942035
198,selected_family_only,True,9,0,0.15,32,256,0.018814104073942035,0.006141619511442375,0.0010103172095947048,0.018814104073942035
198,hierarchical_manifest,False,9,0,0.15,256,256,0.018814104073942035,0.006141619511442375,0.0010103172095947048,0.018814104073942035
198,complete_global_manifest,False,9,0,0.15,256,256,0.018814104073942035,0.006141619511442375,0.0010103172095947048,0.018814104073942035
199,winner_only,True,143,4,0.5499999999999999,1,256,0.020053191642591697,0.0025247134104441717,0.0003405795261167771,0.020053191642591697
199,selected_family_only,True,143,4,0.5499999999999999,32,256,0.020053191642591697,0.0025247134104441717,0.0003405795261167771,0.020053191642591697
199,hierarchical_manifest,False,143,4,0.5499999999999999,256,256,0.020053191642591697,0.0025247134104441717,0.0003405795261167771,0.020053191642591697
199,complete_global_manifest,False,143,4,0.5499999999999999,256,256,0.020053191642591697,0.0025247134104441717,0.0003405795261167771,0.020053191642591697
